Workbook

Sheet vw
A2: mul_cil_a2
A3: No | B3: Run | C3: 1 | H3: 2 | M3: 3 | R3: 4 | W3: 5
B4: Task | C4: 100k | D4: 200k | E4: 300k | F4: 400k | G4: 500k | H4: 100k | I4: 200k | J4: 300k | K4: 400k | L4: 500k | M4: 100k | N4: 200k | O4: 300k | P4: 400k | Q4: 500k | R4: 100k | S4: 200k | T4: 300k | U4: 400k | V4: 500k | W4: 100k | X4: 200k | Y4: 300k | Z4: 400k | AA4: 500k
C5: success (1)/ No Success (0) | D5: success (1)/ No Success (0) | E5: success (1)/ No Success (0) | F5: success (1)/ No Success (0) | G5: success (1)/ No Success (0) | H5: success (1)/ No Success (0) | I5: success (1)/ No Success (0) | J5: success (1)/ No Success (0) | K5: success (1)/ No Success (0) | L5: success (1)/ No Success (0) | M5: success (1)/ No Success (0) | N5: success (1)/ No Success (0) | O5: success (1)/ No Success (0) | P5: success (1)/ No Success (0) | Q5: success (1)/ No Success (0) | R5: success (1)/ No Success (0) | S5: success (1)/ No Success (0) | T5: success (1)/ No Success (0) | U5: success (1)/ No Success (0) | V5: success (1)/ No Success (0) | W5: success (1)/ No Success (0) | X5: success (1)/ No Success (0) | Y5: success (1)/ No Success (0) | Z5: success (1)/ No Success (0) | AA5: success (1)/ No Success (0)
A6: 1 | B6: straight | C6: =INDIRECT("'[CILA2_Validation_Files.xlsx]"&$A$2&"_"&$C$3&"_"&COLUMN(A$2)*100&"k_"&MID(CELL("filename",A1),FIND("]",CELL("filename",A1))+1,255)&"_"&$B$6&"'!H"&ROW(A2)) -> 1 | D6: =INDIRECT("'[CILA2_Validation_Files.xlsx]"&$A$2&"_"&$C$3&"_"&COLUMN(B$2)*100&"k_"&MID(CELL("filename",B1),FIND("]",CELL("filename",B1))+1,255)&"_"&$B$6&"'!H"&ROW(B2)) -> 1 | E6: =INDIRECT("'[CILA2_Validation_Files.xlsx]"&$A$2&"_"&$C$3&"_"&COLUMN(C$2)*100&"k_"&MID(CELL("filename",C1),FIND("]",CELL("filename",C1))+1,255)&"_"&$B$6&"'!H"&ROW(C2)) -> 1 | F6: =INDIRECT("'[CILA2_Validation_Files.xlsx]"&$A$2&"_"&$C$3&"_"&COLUMN(D$2)*100&"k_"&MID(CELL("filename",D1),FIND("]",CELL("filename",D1))+1,255)&"_"&$B$6&"'!H"&ROW(D2)) -> 1 | G6: =INDIRECT("'[CILA2_Validation_Files.xlsx]"&$A$2&"_"&$C$3&"_"&COLUMN(E$2)*100&"k_"&MID(CELL("filename",E1),FIND("]",CELL("filename",E1))+1,255)&"_"&$B$6&"'!H"&ROW(E2)) -> 1 | H6: =INDIRECT("'[CILA2_Validation_Files.xlsx]"&$A$2&"_"&$H$3&"_"&COLUMN(A$2)*100&"k_"&MID(CELL("filename",A1),FIND("]",CELL("filename",A1))+1,255)&"_"&$B$6&"'!H"&ROW(A2)) -> 1 | I6: =INDIRECT("'[CILA2_Validation_Files.xlsx]"&$A$2&"_"&$H$3&"_"&COLUMN(B$2)*100&"k_"&MID(CELL("filename",B1),FIND("]",CELL("filename",B1))+1,255)&"_"&$B$6&"'!H"&ROW(B2)) -> 1 | J6: =INDIRECT("'[CILA2_Validation_Files.xlsx]"&$A$2&"_"&$H$3&"_"&COLUMN(C$2)*100&"k_"&MID(CELL("filename",C1),FIND("]",CELL("filename",C1))+1,255)&"_"&$B$6&"'!H"&ROW(C2)) -> 1 | K6: =INDIRECT("'[CILA2_Validation_Files.xlsx]"&$A$2&"_"&$H$3&"_"&COLUMN(D$2)*100&"k_"&MID(CELL("filename",D1),FIND("]",CELL("filename",D1))+1,255)&"_"&$B$6&"'!H"&ROW(D2)) -> 1 | L6: =INDIRECT("'[CILA2_Validation_Files.xlsx]"&$A$2&"_"&$H$3&"_"&COLUMN(E$2)*100&"k_"&MID(CELL("filename",E1),FIND("]",CELL("filename",E1))+1,255)&"_"&$B$6&"'!H"&ROW(E2)) -> 1 | M6: =INDIRECT("'[CILA2_Validation_Files.xlsx]"&$A$2&"_"&$M$3&"_"&COLUMN(A$2)*100&"k_"&MID(CELL("filename",A1),FIND("]",CELL("filename",A1))+1,255)&"_"&$B$6&"'!H"&ROW(A2)) -> 1 | N6: =INDIRECT("'[CILA2_Validation_Files.xlsx]"&$A$2&"_"&$M$3&"_"&COLUMN(B$2)*100&"k_"&MID(CELL("filename",B1),FIND("]",CELL("filename",B1))+1,255)&"_"&$B$6&"'!H"&ROW(B2)) -> 1 | O6: =INDIRECT("'[CILA2_Validation_Files.xlsx]"&$A$2&"_"&$M$3&"_"&COLUMN(C$2)*100&"k_"&MID(CELL("filename",C1),FIND("]",CELL("filename",C1))+1,255)&"_"&$B$6&"'!H"&ROW(C2)) -> 1 | P6: =INDIRECT("'[CILA2_Validation_Files.xlsx]"&$A$2&"_"&$M$3&"_"&COLUMN(D$2)*100&"k_"&MID(CELL("filename",D1),FIND("]",CELL("filename",D1))+1,255)&"_"&$B$6&"'!H"&ROW(D2)) -> 1 | Q6: =INDIRECT("'[CILA2_Validation_Files.xlsx]"&$A$2&"_"&$M$3&"_"&COLUMN(E$2)*100&"k_"&MID(CELL("filename",E1),FIND("]",CELL("filename",E1))+1,255)&"_"&$B$6&"'!H"&ROW(E2)) -> 1 | R6: =INDIRECT("'[CILA2_Validation_Files.xlsx]"&$A$2&"_"&$R$3&"_"&COLUMN(A$2)*100&"k_"&MID(CELL("filename",A1),FIND("]",CELL("filename",A1))+1,255)&"_"&$B$6&"'!H"&ROW(A2)) -> 1 | S6: =INDIRECT("'[CILA2_Validation_Files.xlsx]"&$A$2&"_"&$R$3&"_"&COLUMN(B$2)*100&"k_"&MID(CELL("filename",B1),FIND("]",CELL("filename",B1))+1,255)&"_"&$B$6&"'!H"&ROW(B2)) -> 1 | T6: =INDIRECT("'[CILA2_Validation_Files.xlsx]"&$A$2&"_"&$R$3&"_"&COLUMN(C$2)*100&"k_"&MID(CELL("filename",C1),FIND("]",CELL("filename",C1))+1,255)&"_"&$B$6&"'!H"&ROW(C2)) -> 1 | U6: =INDIRECT("'[CILA2_Validation_Files.xlsx]"&$A$2&"_"&$R$3&"_"&COLUMN(D$2)*100&"k_"&MID(CELL("filename",D1),FIND("]",CELL("filename",D1))+1,255)&"_"&$B$6&"'!H"&ROW(D2)) -> 1 | V6: =INDIRECT("'[CILA2_Validation_Files.xlsx]"&$A$2&"_"&$R$3&"_"&COLUMN(E$2)*100&"k_"&MID(CELL("filename",E1),FIND("]",CELL("filename",E1))+1,255)&"_"&$B$6&"'!H"&ROW(E2)) -> 1 | W6: =INDIRECT("'[CILA2_Validation_Files.xlsx]"&$A$2&"_"&$W$3&"_"&COLUMN(A$2)*100&"k_"&MID(CELL("filename",A1),FIND("]",CELL("filename",A1))+1,255)&"_"&$B$6&"'!H"&ROW(A2)) -> 1 | X6: =INDIRECT("'[CILA2_Validation_Files.xlsx]"&$A$2&"_"&$W$3&"_"&COLUMN(B$2)*100&"k_"&MID(CELL("filename",B1),FIND("]",CELL("filename",B1))+1,255)&"_"&$B$6&"'!H"&ROW(B2)) -> 1 | Y6: =INDIRECT("'[CILA2_Validation_Files.xlsx]"&$A$2&"_"&$W$3&"_"&COLUMN(C$2)*100&"k_"&MID(CELL("filename",C1),FIND("]",CELL("filename",C1))+1,255)&"_"&$B$6&"'!H"&ROW(C2)) -> 1 | Z6: =INDIRECT("'[CILA2_Validation_Files.xlsx]"&$A$2&"_"&$W$3&"_"&COLUMN(D$2)*100&"k_"&MID(CELL("filename",D1),FIND("]",CELL("filename",D1))+1,255)&"_"&$B$6&"'!H"&ROW(D2)) -> 1 | AA6: =INDIRECT("'[CILA2_Validation_Files.xlsx]"&$A$2&"_"&$W$3&"_"&COLUMN(E$2)*100&"k_"&MID(CELL("filename",E1),FIND("]",CELL("filename",E1))+1,255)&"_"&$B$6&"'!H"&ROW(E2)) -> 1 | AB6: =AVERAGE(C6:AA11) -> 1
A7: 2 | C7: =INDIRECT("'[CILA2_Validation_Files.xlsx]"&$A$2&"_"&$C$3&"_"&COLUMN(A$2)*100&"k_"&MID(CELL("filename",A2),FIND("]",CELL("filename",A2))+1,255)&"_"&$B$6&"'!H"&ROW(A3)) -> 1 | D7: =INDIRECT("'[CILA2_Validation_Files.xlsx]"&$A$2&"_"&$C$3&"_"&COLUMN(B$2)*100&"k_"&MID(CELL("filename",B2),FIND("]",CELL("filename",B2))+1,255)&"_"&$B$6&"'!H"&ROW(B3)) -> 1 | E7: =INDIRECT("'[CILA2_Validation_Files.xlsx]"&$A$2&"_"&$C$3&"_"&COLUMN(C$2)*100&"k_"&MID(CELL("filename",C2),FIND("]",CELL("filename",C2))+1,255)&"_"&$B$6&"'!H"&ROW(C3)) -> 1 | F7: =INDIRECT("'[CILA2_Validation_Files.xlsx]"&$A$2&"_"&$C$3&"_"&COLUMN(D$2)*100&"k_"&MID(CELL("filename",D2),FIND("]",CELL("filename",D2))+1,255)&"_"&$B$6&"'!H"&ROW(D3)) -> 1 | G7: =INDIRECT("'[CILA2_Validation_Files.xlsx]"&$A$2&"_"&$C$3&"_"&COLUMN(E$2)*100&"k_"&MID(CELL("filename",E2),FIND("]",CELL("filename",E2))+1,255)&"_"&$B$6&"'!H"&ROW(E3)) -> 1 | H7: =INDIRECT("'[CILA2_Validation_Files.xlsx]"&$A$2&"_"&$H$3&"_"&COLUMN(A$2)*100&"k_"&MID(CELL("filename",A2),FIND("]",CELL("filename",A2))+1,255)&"_"&$B$6&"'!H"&ROW(A3)) -> 1 | I7: =INDIRECT("'[CILA2_Validation_Files.xlsx]"&$A$2&"_"&$H$3&"_"&COLUMN(B$2)*100&"k_"&MID(CELL("filename",B2),FIND("]",CELL("filename",B2))+1,255)&"_"&$B$6&"'!H"&ROW(B3)) -> 1 | J7: =INDIRECT("'[CILA2_Validation_Files.xlsx]"&$A$2&"_"&$H$3&"_"&COLUMN(C$2)*100&"k_"&MID(CELL("filename",C2),FIND("]",CELL("filename",C2))+1,255)&"_"&$B$6&"'!H"&ROW(C3)) -> 1 | K7: =INDIRECT("'[CILA2_Validation_Files.xlsx]"&$A$2&"_"&$H$3&"_"&COLUMN(D$2)*100&"k_"&MID(CELL("filename",D2),FIND("]",CELL("filename",D2))+1,255)&"_"&$B$6&"'!H"&ROW(D3)) -> 1 | L7: =INDIRECT("'[CILA2_Validation_Files.xlsx]"&$A$2&"_"&$H$3&"_"&COLUMN(E$2)*100&"k_"&MID(CELL("filename",E2),FIND("]",CELL("filename",E2))+1,255)&"_"&$B$6&"'!H"&ROW(E3)) -> 1 | M7: =INDIRECT("'[CILA2_Validation_Files.xlsx]"&$A$2&"_"&$M$3&"_"&COLUMN(A$2)*100&"k_"&MID(CELL("filename",A2),FIND("]",CELL("filename",A2))+1,255)&"_"&$B$6&"'!H"&ROW(A3)) -> 1 | N7: =INDIRECT("'[CILA2_Validation_Files.xlsx]"&$A$2&"_"&$M$3&"_"&COLUMN(B$2)*100&"k_"&MID(CELL("filename",B2),FIND("]",CELL("filename",B2))+1,255)&"_"&$B$6&"'!H"&ROW(B3)) -> 1 | O7: =INDIRECT("'[CILA2_Validation_Files.xlsx]"&$A$2&"_"&$M$3&"_"&COLUMN(C$2)*100&"k_"&MID(CELL("filename",C2),FIND("]",CELL("filename",C2))+1,255)&"_"&$B$6&"'!H"&ROW(C3)) -> 1 | P7: =INDIRECT("'[CILA2_Validation_Files.xlsx]"&$A$2&"_"&$M$3&"_"&COLUMN(D$2)*100&"k_"&MID(CELL("filename",D2),FIND("]",CELL("filename",D2))+1,255)&"_"&$B$6&"'!H"&ROW(D3)) -> 1 | Q7: =INDIRECT("'[CILA2_Validation_Files.xlsx]"&$A$2&"_"&$M$3&"_"&COLUMN(E$2)*100&"k_"&MID(CELL("filename",E2),FIND("]",CELL("filename",E2))+1,255)&"_"&$B$6&"'!H"&ROW(E3)) -> 1 | R7: =INDIRECT("'[CILA2_Validation_Files.xlsx]"&$A$2&"_"&$R$3&"_"&COLUMN(A$2)*100&"k_"&MID(CELL("filename",A2),FIND("]",CELL("filename",A2))+1,255)&"_"&$B$6&"'!H"&ROW(A3)) -> 1 | S7: =INDIRECT("'[CILA2_Validation_Files.xlsx]"&$A$2&"_"&$R$3&"_"&COLUMN(B$2)*100&"k_"&MID(CELL("filename",B2),FIND("]",CELL("filename",B2))+1,255)&"_"&$B$6&"'!H"&ROW(B3)) -> 1 | T7: =INDIRECT("'[CILA2_Validation_Files.xlsx]"&$A$2&"_"&$R$3&"_"&COLUMN(C$2)*100&"k_"&MID(CELL("filename",C2),FIND("]",CELL("filename",C2))+1,255)&"_"&$B$6&"'!H"&ROW(C3)) -> 1 | U7: =INDIRECT("'[CILA2_Validation_Files.xlsx]"&$A$2&"_"&$R$3&"_"&COLUMN(D$2)*100&"k_"&MID(CELL("filename",D2),FIND("]",CELL("filename",D2))+1,255)&"_"&$B$6&"'!H"&ROW(D3)) -> 1 | V7: =INDIRECT("'[CILA2_Validation_Files.xlsx]"&$A$2&"_"&$R$3&"_"&COLUMN(E$2)*100&"k_"&MID(CELL("filename",E2),FIND("]",CELL("filename",E2))+1,255)&"_"&$B$6&"'!H"&ROW(E3)) -> 1 | W7: =INDIRECT("'[CILA2_Validation_Files.xlsx]"&$A$2&"_"&$W$3&"_"&COLUMN(A$2)*100&"k_"&MID(CELL("filename",A2),FIND("]",CELL("filename",A2))+1,255)&"_"&$B$6&"'!H"&ROW(A3)) -> 1 | X7: =INDIRECT("'[CILA2_Validation_Files.xlsx]"&$A$2&"_"&$W$3&"_"&COLUMN(B$2)*100&"k_"&MID(CELL("filename",B2),FIND("]",CELL("filename",B2))+1,255)&"_"&$B$6&"'!H"&ROW(B3)) -> 1 | Y7: =INDIRECT("'[CILA2_Validation_Files.xlsx]"&$A$2&"_"&$W$3&"_"&COLUMN(C$2)*100&"k_"&MID(CELL("filename",C2),FIND("]",CELL("filename",C2))+1,255)&"_"&$B$6&"'!H"&ROW(C3)) -> 1 | Z7: =INDIRECT("'[CILA2_Validation_Files.xlsx]"&$A$2&"_"&$W$3&"_"&COLUMN(D$2)*100&"k_"&MID(CELL("filename",D2),FIND("]",CELL("filename",D2))+1,255)&"_"&$B$6&"'!H"&ROW(D3)) -> 1 | AA7: =INDIRECT("'[CILA2_Validation_Files.xlsx]"&$A$2&"_"&$W$3&"_"&COLUMN(E$2)*100&"k_"&MID(CELL("filename",E2),FIND("]",CELL("filename",E2))+1,255)&"_"&$B$6&"'!H"&ROW(E3)) -> 1
A8: 3 | C8: =INDIRECT("'[CILA2_Validation_Files.xlsx]"&$A$2&"_"&$C$3&"_"&COLUMN(A$2)*100&"k_"&MID(CELL("filename",A3),FIND("]",CELL("filename",A3))+1,255)&"_"&$B$6&"'!H"&ROW(A4)) -> 1 | D8: =INDIRECT("'[CILA2_Validation_Files.xlsx]"&$A$2&"_"&$C$3&"_"&COLUMN(B$2)*100&"k_"&MID(CELL("filename",B3),FIND("]",CELL("filename",B3))+1,255)&"_"&$B$6&"'!H"&ROW(B4)) -> 1 | E8: =INDIRECT("'[CILA2_Validation_Files.xlsx]"&$A$2&"_"&$C$3&"_"&COLUMN(C$2)*100&"k_"&MID(CELL("filename",C3),FIND("]",CELL("filename",C3))+1,255)&"_"&$B$6&"'!H"&ROW(C4)) -> 1 | F8: =INDIRECT("'[CILA2_Validation_Files.xlsx]"&$A$2&"_"&$C$3&"_"&COLUMN(D$2)*100&"k_"&MID(CELL("filename",D3),FIND("]",CELL("filename",D3))+1,255)&"_"&$B$6&"'!H"&ROW(D4)) -> 1 | G8: =INDIRECT("'[CILA2_Validation_Files.xlsx]"&$A$2&"_"&$C$3&"_"&COLUMN(E$2)*100&"k_"&MID(CELL("filename",E3),FIND("]",CELL("filename",E3))+1,255)&"_"&$B$6&"'!H"&ROW(E4)) -> 1 | H8: =INDIRECT("'[CILA2_Validation_Files.xlsx]"&$A$2&"_"&$H$3&"_"&COLUMN(A$2)*100&"k_"&MID(CELL("filename",A3),FIND("]",CELL("filename",A3))+1,255)&"_"&$B$6&"'!H"&ROW(A4)) -> 1 | I8: =INDIRECT("'[CILA2_Validation_Files.xlsx]"&$A$2&"_"&$H$3&"_"&COLUMN(B$2)*100&"k_"&MID(CELL("filename",B3),FIND("]",CELL("filename",B3))+1,255)&"_"&$B$6&"'!H"&ROW(B4)) -> 1 | J8: =INDIRECT("'[CILA2_Validation_Files.xlsx]"&$A$2&"_"&$H$3&"_"&COLUMN(C$2)*100&"k_"&MID(CELL("filename",C3),FIND("]",CELL("filename",C3))+1,255)&"_"&$B$6&"'!H"&ROW(C4)) -> 1 | K8: =INDIRECT("'[CILA2_Validation_Files.xlsx]"&$A$2&"_"&$H$3&"_"&COLUMN(D$2)*100&"k_"&MID(CELL("filename",D3),FIND("]",CELL("filename",D3))+1,255)&"_"&$B$6&"'!H"&ROW(D4)) -> 1 | L8: =INDIRECT("'[CILA2_Validation_Files.xlsx]"&$A$2&"_"&$H$3&"_"&COLUMN(E$2)*100&"k_"&MID(CELL("filename",E3),FIND("]",CELL("filename",E3))+1,255)&"_"&$B$6&"'!H"&ROW(E4)) -> 1 | M8: =INDIRECT("'[CILA2_Validation_Files.xlsx]"&$A$2&"_"&$M$3&"_"&COLUMN(A$2)*100&"k_"&MID(CELL("filename",A3),FIND("]",CELL("filename",A3))+1,255)&"_"&$B$6&"'!H"&ROW(A4)) -> 1 | N8: =INDIRECT("'[CILA2_Validation_Files.xlsx]"&$A$2&"_"&$M$3&"_"&COLUMN(B$2)*100&"k_"&MID(CELL("filename",B3),FIND("]",CELL("filename",B3))+1,255)&"_"&$B$6&"'!H"&ROW(B4)) -> 1 | O8: =INDIRECT("'[CILA2_Validation_Files.xlsx]"&$A$2&"_"&$M$3&"_"&COLUMN(C$2)*100&"k_"&MID(CELL("filename",C3),FIND("]",CELL("filename",C3))+1,255)&"_"&$B$6&"'!H"&ROW(C4)) -> 1 | P8: =INDIRECT("'[CILA2_Validation_Files.xlsx]"&$A$2&"_"&$M$3&"_"&COLUMN(D$2)*100&"k_"&MID(CELL("filename",D3),FIND("]",CELL("filename",D3))+1,255)&"_"&$B$6&"'!H"&ROW(D4)) -> 1 | Q8: =INDIRECT("'[CILA2_Validation_Files.xlsx]"&$A$2&"_"&$M$3&"_"&COLUMN(E$2)*100&"k_"&MID(CELL("filename",E3),FIND("]",CELL("filename",E3))+1,255)&"_"&$B$6&"'!H"&ROW(E4)) -> 1 | R8: =INDIRECT("'[CILA2_Validation_Files.xlsx]"&$A$2&"_"&$R$3&"_"&COLUMN(A$2)*100&"k_"&MID(CELL("filename",A3),FIND("]",CELL("filename",A3))+1,255)&"_"&$B$6&"'!H"&ROW(A4)) -> 1 | S8: =INDIRECT("'[CILA2_Validation_Files.xlsx]"&$A$2&"_"&$R$3&"_"&COLUMN(B$2)*100&"k_"&MID(CELL("filename",B3),FIND("]",CELL("filename",B3))+1,255)&"_"&$B$6&"'!H"&ROW(B4)) -> 1 | T8: =INDIRECT("'[CILA2_Validation_Files.xlsx]"&$A$2&"_"&$R$3&"_"&COLUMN(C$2)*100&"k_"&MID(CELL("filename",C3),FIND("]",CELL("filename",C3))+1,255)&"_"&$B$6&"'!H"&ROW(C4)) -> 1 | U8: =INDIRECT("'[CILA2_Validation_Files.xlsx]"&$A$2&"_"&$R$3&"_"&COLUMN(D$2)*100&"k_"&MID(CELL("filename",D3),FIND("]",CELL("filename",D3))+1,255)&"_"&$B$6&"'!H"&ROW(D4)) -> 1 | V8: =INDIRECT("'[CILA2_Validation_Files.xlsx]"&$A$2&"_"&$R$3&"_"&COLUMN(E$2)*100&"k_"&MID(CELL("filename",E3),FIND("]",CELL("filename",E3))+1,255)&"_"&$B$6&"'!H"&ROW(E4)) -> 1 | W8: =INDIRECT("'[CILA2_Validation_Files.xlsx]"&$A$2&"_"&$W$3&"_"&COLUMN(A$2)*100&"k_"&MID(CELL("filename",A3),FIND("]",CELL("filename",A3))+1,255)&"_"&$B$6&"'!H"&ROW(A4)) -> 1 | X8: =INDIRECT("'[CILA2_Validation_Files.xlsx]"&$A$2&"_"&$W$3&"_"&COLUMN(B$2)*100&"k_"&MID(CELL("filename",B3),FIND("]",CELL("filename",B3))+1,255)&"_"&$B$6&"'!H"&ROW(B4)) -> 1 | Y8: =INDIRECT("'[CILA2_Validation_Files.xlsx]"&$A$2&"_"&$W$3&"_"&COLUMN(C$2)*100&"k_"&MID(CELL("filename",C3),FIND("]",CELL("filename",C3))+1,255)&"_"&$B$6&"'!H"&ROW(C4)) -> 1 | Z8: =INDIRECT("'[CILA2_Validation_Files.xlsx]"&$A$2&"_"&$W$3&"_"&COLUMN(D$2)*100&"k_"&MID(CELL("filename",D3),FIND("]",CELL("filename",D3))+1,255)&"_"&$B$6&"'!H"&ROW(D4)) -> 1 | AA8: =INDIRECT("'[CILA2_Validation_Files.xlsx]"&$A$2&"_"&$W$3&"_"&COLUMN(E$2)*100&"k_"&MID(CELL("filename",E3),FIND("]",CELL("filename",E3))+1,255)&"_"&$B$6&"'!H"&ROW(E4)) -> 1
A9: 4 | C9: =INDIRECT("'[CILA2_Validation_Files.xlsx]"&$A$2&"_"&$C$3&"_"&COLUMN(A$2)*100&"k_"&MID(CELL("filename",A4),FIND("]",CELL("filename",A4))+1,255)&"_"&$B$6&"'!H"&ROW(A5)) -> 1 | D9: =INDIRECT("'[CILA2_Validation_Files.xlsx]"&$A$2&"_"&$C$3&"_"&COLUMN(B$2)*100&"k_"&MID(CELL("filename",B4),FIND("]",CELL("filename",B4))+1,255)&"_"&$B$6&"'!H"&ROW(B5)) -> 1 | E9: =INDIRECT("'[CILA2_Validation_Files.xlsx]"&$A$2&"_"&$C$3&"_"&COLUMN(C$2)*100&"k_"&MID(CELL("filename",C4),FIND("]",CELL("filename",C4))+1,255)&"_"&$B$6&"'!H"&ROW(C5)) -> 1 | F9: =INDIRECT("'[CILA2_Validation_Files.xlsx]"&$A$2&"_"&$C$3&"_"&COLUMN(D$2)*100&"k_"&MID(CELL("filename",D4),FIND("]",CELL("filename",D4))+1,255)&"_"&$B$6&"'!H"&ROW(D5)) -> 1 | G9: =INDIRECT("'[CILA2_Validation_Files.xlsx]"&$A$2&"_"&$C$3&"_"&COLUMN(E$2)*100&"k_"&MID(CELL("filename",E4),FIND("]",CELL("filename",E4))+1,255)&"_"&$B$6&"'!H"&ROW(E5)) -> 1 | H9: =INDIRECT("'[CILA2_Validation_Files.xlsx]"&$A$2&"_"&$H$3&"_"&COLUMN(A$2)*100&"k_"&MID(CELL("filename",A4),FIND("]",CELL("filename",A4))+1,255)&"_"&$B$6&"'!H"&ROW(A5)) -> 1 | I9: =INDIRECT("'[CILA2_Validation_Files.xlsx]"&$A$2&"_"&$H$3&"_"&COLUMN(B$2)*100&"k_"&MID(CELL("filename",B4),FIND("]",CELL("filename",B4))+1,255)&"_"&$B$6&"'!H"&ROW(B5)) -> 1 | J9: =INDIRECT("'[CILA2_Validation_Files.xlsx]"&$A$2&"_"&$H$3&"_"&COLUMN(C$2)*100&"k_"&MID(CELL("filename",C4),FIND("]",CELL("filename",C4))+1,255)&"_"&$B$6&"'!H"&ROW(C5)) -> 1 | K9: =INDIRECT("'[CILA2_Validation_Files.xlsx]"&$A$2&"_"&$H$3&"_"&COLUMN(D$2)*100&"k_"&MID(CELL("filename",D4),FIND("]",CELL("filename",D4))+1,255)&"_"&$B$6&"'!H"&ROW(D5)) -> 1 | L9: =INDIRECT("'[CILA2_Validation_Files.xlsx]"&$A$2&"_"&$H$3&"_"&COLUMN(E$2)*100&"k_"&MID(CELL("filename",E4),FIND("]",CELL("filename",E4))+1,255)&"_"&$B$6&"'!H"&ROW(E5)) -> 1 | M9: =INDIRECT("'[CILA2_Validation_Files.xlsx]"&$A$2&"_"&$M$3&"_"&COLUMN(A$2)*100&"k_"&MID(CELL("filename",A4),FIND("]",CELL("filename",A4))+1,255)&"_"&$B$6&"'!H"&ROW(A5)) -> 1 | N9: =INDIRECT("'[CILA2_Validation_Files.xlsx]"&$A$2&"_"&$M$3&"_"&COLUMN(B$2)*100&"k_"&MID(CELL("filename",B4),FIND("]",CELL("filename",B4))+1,255)&"_"&$B$6&"'!H"&ROW(B5)) -> 1 | O9: =INDIRECT("'[CILA2_Validation_Files.xlsx]"&$A$2&"_"&$M$3&"_"&COLUMN(C$2)*100&"k_"&MID(CELL("filename",C4),FIND("]",CELL("filename",C4))+1,255)&"_"&$B$6&"'!H"&ROW(C5)) -> 1 | P9: =INDIRECT("'[CILA2_Validation_Files.xlsx]"&$A$2&"_"&$M$3&"_"&COLUMN(D$2)*100&"k_"&MID(CELL("filename",D4),FIND("]",CELL("filename",D4))+1,255)&"_"&$B$6&"'!H"&ROW(D5)) -> 1 | Q9: =INDIRECT("'[CILA2_Validation_Files.xlsx]"&$A$2&"_"&$M$3&"_"&COLUMN(E$2)*100&"k_"&MID(CELL("filename",E4),FIND("]",CELL("filename",E4))+1,255)&"_"&$B$6&"'!H"&ROW(E5)) -> 1 | R9: =INDIRECT("'[CILA2_Validation_Files.xlsx]"&$A$2&"_"&$R$3&"_"&COLUMN(A$2)*100&"k_"&MID(CELL("filename",A4),FIND("]",CELL("filename",A4))+1,255)&"_"&$B$6&"'!H"&ROW(A5)) -> 1 | S9: =INDIRECT("'[CILA2_Validation_Files.xlsx]"&$A$2&"_"&$R$3&"_"&COLUMN(B$2)*100&"k_"&MID(CELL("filename",B4),FIND("]",CELL("filename",B4))+1,255)&"_"&$B$6&"'!H"&ROW(B5)) -> 1 | T9: =INDIRECT("'[CILA2_Validation_Files.xlsx]"&$A$2&"_"&$R$3&"_"&COLUMN(C$2)*100&"k_"&MID(CELL("filename",C4),FIND("]",CELL("filename",C4))+1,255)&"_"&$B$6&"'!H"&ROW(C5)) -> 1 | U9: =INDIRECT("'[CILA2_Validation_Files.xlsx]"&$A$2&"_"&$R$3&"_"&COLUMN(D$2)*100&"k_"&MID(CELL("filename",D4),FIND("]",CELL("filename",D4))+1,255)&"_"&$B$6&"'!H"&ROW(D5)) -> 1 | V9: =INDIRECT("'[CILA2_Validation_Files.xlsx]"&$A$2&"_"&$R$3&"_"&COLUMN(E$2)*100&"k_"&MID(CELL("filename",E4),FIND("]",CELL("filename",E4))+1,255)&"_"&$B$6&"'!H"&ROW(E5)) -> 1 | W9: =INDIRECT("'[CILA2_Validation_Files.xlsx]"&$A$2&"_"&$W$3&"_"&COLUMN(A$2)*100&"k_"&MID(CELL("filename",A4),FIND("]",CELL("filename",A4))+1,255)&"_"&$B$6&"'!H"&ROW(A5)) -> 1 | X9: =INDIRECT("'[CILA2_Validation_Files.xlsx]"&$A$2&"_"&$W$3&"_"&COLUMN(B$2)*100&"k_"&MID(CELL("filename",B4),FIND("]",CELL("filename",B4))+1,255)&"_"&$B$6&"'!H"&ROW(B5)) -> 1 | Y9: =INDIRECT("'[CILA2_Validation_Files.xlsx]"&$A$2&"_"&$W$3&"_"&COLUMN(C$2)*100&"k_"&MID(CELL("filename",C4),FIND("]",CELL("filename",C4))+1,255)&"_"&$B$6&"'!H"&ROW(C5)) -> 1 | Z9: =INDIRECT("'[CILA2_Validation_Files.xlsx]"&$A$2&"_"&$W$3&"_"&COLUMN(D$2)*100&"k_"&MID(CELL("filename",D4),FIND("]",CELL("filename",D4))+1,255)&"_"&$B$6&"'!H"&ROW(D5)) -> 1 | AA9: =INDIRECT("'[CILA2_Validation_Files.xlsx]"&$A$2&"_"&$W$3&"_"&COLUMN(E$2)*100&"k_"&MID(CELL("filename",E4),FIND("]",CELL("filename",E4))+1,255)&"_"&$B$6&"'!H"&ROW(E5)) -> 1
A10: 5 | C10: =INDIRECT("'[CILA2_Validation_Files.xlsx]"&$A$2&"_"&$C$3&"_"&COLUMN(A$2)*100&"k_"&MID(CELL("filename",A5),FIND("]",CELL("filename",A5))+1,255)&"_"&$B$6&"'!H"&ROW(A6)) -> 1 | D10: =INDIRECT("'[CILA2_Validation_Files.xlsx]"&$A$2&"_"&$C$3&"_"&COLUMN(B$2)*100&"k_"&MID(CELL("filename",B5),FIND("]",CELL("filename",B5))+1,255)&"_"&$B$6&"'!H"&ROW(B6)) -> 1 | E10: =INDIRECT("'[CILA2_Validation_Files.xlsx]"&$A$2&"_"&$C$3&"_"&COLUMN(C$2)*100&"k_"&MID(CELL("filename",C5),FIND("]",CELL("filename",C5))+1,255)&"_"&$B$6&"'!H"&ROW(C6)) -> 1 | F10: =INDIRECT("'[CILA2_Validation_Files.xlsx]"&$A$2&"_"&$C$3&"_"&COLUMN(D$2)*100&"k_"&MID(CELL("filename",D5),FIND("]",CELL("filename",D5))+1,255)&"_"&$B$6&"'!H"&ROW(D6)) -> 1 | G10: =INDIRECT("'[CILA2_Validation_Files.xlsx]"&$A$2&"_"&$C$3&"_"&COLUMN(E$2)*100&"k_"&MID(CELL("filename",E5),FIND("]",CELL("filename",E5))+1,255)&"_"&$B$6&"'!H"&ROW(E6)) -> 1 | H10: =INDIRECT("'[CILA2_Validation_Files.xlsx]"&$A$2&"_"&$H$3&"_"&COLUMN(A$2)*100&"k_"&MID(CELL("filename",A5),FIND("]",CELL("filename",A5))+1,255)&"_"&$B$6&"'!H"&ROW(A6)) -> 1 | I10: =INDIRECT("'[CILA2_Validation_Files.xlsx]"&$A$2&"_"&$H$3&"_"&COLUMN(B$2)*100&"k_"&MID(CELL("filename",B5),FIND("]",CELL("filename",B5))+1,255)&"_"&$B$6&"'!H"&ROW(B6)) -> 1 | J10: =INDIRECT("'[CILA2_Validation_Files.xlsx]"&$A$2&"_"&$H$3&"_"&COLUMN(C$2)*100&"k_"&MID(CELL("filename",C5),FIND("]",CELL("filename",C5))+1,255)&"_"&$B$6&"'!H"&ROW(C6)) -> 1 | K10: =INDIRECT("'[CILA2_Validation_Files.xlsx]"&$A$2&"_"&$H$3&"_"&COLUMN(D$2)*100&"k_"&MID(CELL("filename",D5),FIND("]",CELL("filename",D5))+1,255)&"_"&$B$6&"'!H"&ROW(D6)) -> 1 | L10: =INDIRECT("'[CILA2_Validation_Files.xlsx]"&$A$2&"_"&$H$3&"_"&COLUMN(E$2)*100&"k_"&MID(CELL("filename",E5),FIND("]",CELL("filename",E5))+1,255)&"_"&$B$6&"'!H"&ROW(E6)) -> 1 | M10: =INDIRECT("'[CILA2_Validation_Files.xlsx]"&$A$2&"_"&$M$3&"_"&COLUMN(A$2)*100&"k_"&MID(CELL("filename",A5),FIND("]",CELL("filename",A5))+1,255)&"_"&$B$6&"'!H"&ROW(A6)) -> 1 | N10: =INDIRECT("'[CILA2_Validation_Files.xlsx]"&$A$2&"_"&$M$3&"_"&COLUMN(B$2)*100&"k_"&MID(CELL("filename",B5),FIND("]",CELL("filename",B5))+1,255)&"_"&$B$6&"'!H"&ROW(B6)) -> 1 | O10: =INDIRECT("'[CILA2_Validation_Files.xlsx]"&$A$2&"_"&$M$3&"_"&COLUMN(C$2)*100&"k_"&MID(CELL("filename",C5),FIND("]",CELL("filename",C5))+1,255)&"_"&$B$6&"'!H"&ROW(C6)) -> 1 | P10: =INDIRECT("'[CILA2_Validation_Files.xlsx]"&$A$2&"_"&$M$3&"_"&COLUMN(D$2)*100&"k_"&MID(CELL("filename",D5),FIND("]",CELL("filename",D5))+1,255)&"_"&$B$6&"'!H"&ROW(D6)) -> 1 | Q10: =INDIRECT("'[CILA2_Validation_Files.xlsx]"&$A$2&"_"&$M$3&"_"&COLUMN(E$2)*100&"k_"&MID(CELL("filename",E5),FIND("]",CELL("filename",E5))+1,255)&"_"&$B$6&"'!H"&ROW(E6)) -> 1 | R10: =INDIRECT("'[CILA2_Validation_Files.xlsx]"&$A$2&"_"&$R$3&"_"&COLUMN(A$2)*100&"k_"&MID(CELL("filename",A5),FIND("]",CELL("filename",A5))+1,255)&"_"&$B$6&"'!H"&ROW(A6)) -> 1 | S10: =INDIRECT("'[CILA2_Validation_Files.xlsx]"&$A$2&"_"&$R$3&"_"&COLUMN(B$2)*100&"k_"&MID(CELL("filename",B5),FIND("]",CELL("filename",B5))+1,255)&"_"&$B$6&"'!H"&ROW(B6)) -> 1 | T10: =INDIRECT("'[CILA2_Validation_Files.xlsx]"&$A$2&"_"&$R$3&"_"&COLUMN(C$2)*100&"k_"&MID(CELL("filename",C5),FIND("]",CELL("filename",C5))+1,255)&"_"&$B$6&"'!H"&ROW(C6)) -> 1 | U10: =INDIRECT("'[CILA2_Validation_Files.xlsx]"&$A$2&"_"&$R$3&"_"&COLUMN(D$2)*100&"k_"&MID(CELL("filename",D5),FIND("]",CELL("filename",D5))+1,255)&"_"&$B$6&"'!H"&ROW(D6)) -> 1 | V10: =INDIRECT("'[CILA2_Validation_Files.xlsx]"&$A$2&"_"&$R$3&"_"&COLUMN(E$2)*100&"k_"&MID(CELL("filename",E5),FIND("]",CELL("filename",E5))+1,255)&"_"&$B$6&"'!H"&ROW(E6)) -> 1 | W10: =INDIRECT("'[CILA2_Validation_Files.xlsx]"&$A$2&"_"&$W$3&"_"&COLUMN(A$2)*100&"k_"&MID(CELL("filename",A5),FIND("]",CELL("filename",A5))+1,255)&"_"&$B$6&"'!H"&ROW(A6)) -> 1 | X10: =INDIRECT("'[CILA2_Validation_Files.xlsx]"&$A$2&"_"&$W$3&"_"&COLUMN(B$2)*100&"k_"&MID(CELL("filename",B5),FIND("]",CELL("filename",B5))+1,255)&"_"&$B$6&"'!H"&ROW(B6)) -> 1 | Y10: =INDIRECT("'[CILA2_Validation_Files.xlsx]"&$A$2&"_"&$W$3&"_"&COLUMN(C$2)*100&"k_"&MID(CELL("filename",C5),FIND("]",CELL("filename",C5))+1,255)&"_"&$B$6&"'!H"&ROW(C6)) -> 1 | Z10: =INDIRECT("'[CILA2_Validation_Files.xlsx]"&$A$2&"_"&$W$3&"_"&COLUMN(D$2)*100&"k_"&MID(CELL("filename",D5),FIND("]",CELL("filename",D5))+1,255)&"_"&$B$6&"'!H"&ROW(D6)) -> 1 | AA10: =INDIRECT("'[CILA2_Validation_Files.xlsx]"&$A$2&"_"&$W$3&"_"&COLUMN(E$2)*100&"k_"&MID(CELL("filename",E5),FIND("]",CELL("filename",E5))+1,255)&"_"&$B$6&"'!H"&ROW(E6)) -> 1
A11: 6 | C11: =INDIRECT("'[CILA2_Validation_Files.xlsx]"&$A$2&"_"&$C$3&"_"&COLUMN(A$2)*100&"k_"&MID(CELL("filename",A6),FIND("]",CELL("filename",A6))+1,255)&"_"&$B$6&"'!H"&ROW(A7)) -> 1 | D11: =INDIRECT("'[CILA2_Validation_Files.xlsx]"&$A$2&"_"&$C$3&"_"&COLUMN(B$2)*100&"k_"&MID(CELL("filename",B6),FIND("]",CELL("filename",B6))+1,255)&"_"&$B$6&"'!H"&ROW(B7)) -> 1 | E11: =INDIRECT("'[CILA2_Validation_Files.xlsx]"&$A$2&"_"&$C$3&"_"&COLUMN(C$2)*100&"k_"&MID(CELL("filename",C6),FIND("]",CELL("filename",C6))+1,255)&"_"&$B$6&"'!H"&ROW(C7)) -> 1 | F11: =INDIRECT("'[CILA2_Validation_Files.xlsx]"&$A$2&"_"&$C$3&"_"&COLUMN(D$2)*100&"k_"&MID(CELL("filename",D6),FIND("]",CELL("filename",D6))+1,255)&"_"&$B$6&"'!H"&ROW(D7)) -> 1 | G11: =INDIRECT("'[CILA2_Validation_Files.xlsx]"&$A$2&"_"&$C$3&"_"&COLUMN(E$2)*100&"k_"&MID(CELL("filename",E6),FIND("]",CELL("filename",E6))+1,255)&"_"&$B$6&"'!H"&ROW(E7)) -> 1 | H11: =INDIRECT("'[CILA2_Validation_Files.xlsx]"&$A$2&"_"&$H$3&"_"&COLUMN(A$2)*100&"k_"&MID(CELL("filename",A6),FIND("]",CELL("filename",A6))+1,255)&"_"&$B$6&"'!H"&ROW(A7)) -> 1 | I11: =INDIRECT("'[CILA2_Validation_Files.xlsx]"&$A$2&"_"&$H$3&"_"&COLUMN(B$2)*100&"k_"&MID(CELL("filename",B6),FIND("]",CELL("filename",B6))+1,255)&"_"&$B$6&"'!H"&ROW(B7)) -> 1 | J11: =INDIRECT("'[CILA2_Validation_Files.xlsx]"&$A$2&"_"&$H$3&"_"&COLUMN(C$2)*100&"k_"&MID(CELL("filename",C6),FIND("]",CELL("filename",C6))+1,255)&"_"&$B$6&"'!H"&ROW(C7)) -> 1 | K11: =INDIRECT("'[CILA2_Validation_Files.xlsx]"&$A$2&"_"&$H$3&"_"&COLUMN(D$2)*100&"k_"&MID(CELL("filename",D6),FIND("]",CELL("filename",D6))+1,255)&"_"&$B$6&"'!H"&ROW(D7)) -> 1 | L11: =INDIRECT("'[CILA2_Validation_Files.xlsx]"&$A$2&"_"&$H$3&"_"&COLUMN(E$2)*100&"k_"&MID(CELL("filename",E6),FIND("]",CELL("filename",E6))+1,255)&"_"&$B$6&"'!H"&ROW(E7)) -> 1 | M11: =INDIRECT("'[CILA2_Validation_Files.xlsx]"&$A$2&"_"&$M$3&"_"&COLUMN(A$2)*100&"k_"&MID(CELL("filename",A6),FIND("]",CELL("filename",A6))+1,255)&"_"&$B$6&"'!H"&ROW(A7)) -> 1 | N11: =INDIRECT("'[CILA2_Validation_Files.xlsx]"&$A$2&"_"&$M$3&"_"&COLUMN(B$2)*100&"k_"&MID(CELL("filename",B6),FIND("]",CELL("filename",B6))+1,255)&"_"&$B$6&"'!H"&ROW(B7)) -> 1 | O11: =INDIRECT("'[CILA2_Validation_Files.xlsx]"&$A$2&"_"&$M$3&"_"&COLUMN(C$2)*100&"k_"&MID(CELL("filename",C6),FIND("]",CELL("filename",C6))+1,255)&"_"&$B$6&"'!H"&ROW(C7)) -> 1 | P11: =INDIRECT("'[CILA2_Validation_Files.xlsx]"&$A$2&"_"&$M$3&"_"&COLUMN(D$2)*100&"k_"&MID(CELL("filename",D6),FIND("]",CELL("filename",D6))+1,255)&"_"&$B$6&"'!H"&ROW(D7)) -> 1 | Q11: =INDIRECT("'[CILA2_Validation_Files.xlsx]"&$A$2&"_"&$M$3&"_"&COLUMN(E$2)*100&"k_"&MID(CELL("filename",E6),FIND("]",CELL("filename",E6))+1,255)&"_"&$B$6&"'!H"&ROW(E7)) -> 1 | R11: =INDIRECT("'[CILA2_Validation_Files.xlsx]"&$A$2&"_"&$R$3&"_"&COLUMN(A$2)*100&"k_"&MID(CELL("filename",A6),FIND("]",CELL("filename",A6))+1,255)&"_"&$B$6&"'!H"&ROW(A7)) -> 1 | S11: =INDIRECT("'[CILA2_Validation_Files.xlsx]"&$A$2&"_"&$R$3&"_"&COLUMN(B$2)*100&"k_"&MID(CELL("filename",B6),FIND("]",CELL("filename",B6))+1,255)&"_"&$B$6&"'!H"&ROW(B7)) -> 1 | T11: =INDIRECT("'[CILA2_Validation_Files.xlsx]"&$A$2&"_"&$R$3&"_"&COLUMN(C$2)*100&"k_"&MID(CELL("filename",C6),FIND("]",CELL("filename",C6))+1,255)&"_"&$B$6&"'!H"&ROW(C7)) -> 1 | U11: =INDIRECT("'[CILA2_Validation_Files.xlsx]"&$A$2&"_"&$R$3&"_"&COLUMN(D$2)*100&"k_"&MID(CELL("filename",D6),FIND("]",CELL("filename",D6))+1,255)&"_"&$B$6&"'!H"&ROW(D7)) -> 1 | V11: =INDIRECT("'[CILA2_Validation_Files.xlsx]"&$A$2&"_"&$R$3&"_"&COLUMN(E$2)*100&"k_"&MID(CELL("filename",E6),FIND("]",CELL("filename",E6))+1,255)&"_"&$B$6&"'!H"&ROW(E7)) -> 1 | W11: =INDIRECT("'[CILA2_Validation_Files.xlsx]"&$A$2&"_"&$W$3&"_"&COLUMN(A$2)*100&"k_"&MID(CELL("filename",A6),FIND("]",CELL("filename",A6))+1,255)&"_"&$B$6&"'!H"&ROW(A7)) -> 1 | X11: =INDIRECT("'[CILA2_Validation_Files.xlsx]"&$A$2&"_"&$W$3&"_"&COLUMN(B$2)*100&"k_"&MID(CELL("filename",B6),FIND("]",CELL("filename",B6))+1,255)&"_"&$B$6&"'!H"&ROW(B7)) -> 1 | Y11: =INDIRECT("'[CILA2_Validation_Files.xlsx]"&$A$2&"_"&$W$3&"_"&COLUMN(C$2)*100&"k_"&MID(CELL("filename",C6),FIND("]",CELL("filename",C6))+1,255)&"_"&$B$6&"'!H"&ROW(C7)) -> 1 | Z11: =INDIRECT("'[CILA2_Validation_Files.xlsx]"&$A$2&"_"&$W$3&"_"&COLUMN(D$2)*100&"k_"&MID(CELL("filename",D6),FIND("]",CELL("filename",D6))+1,255)&"_"&$B$6&"'!H"&ROW(D7)) -> 1 | AA11: =INDIRECT("'[CILA2_Validation_Files.xlsx]"&$A$2&"_"&$W$3&"_"&COLUMN(E$2)*100&"k_"&MID(CELL("filename",E6),FIND("]",CELL("filename",E6))+1,255)&"_"&$B$6&"'!H"&ROW(E7)) -> 1
A12: 7 | B12: one_turn | C12: =INDIRECT("'[CILA2_Validation_Files.xlsx]"&$A$2&"_"&$C$3&"_"&COLUMN(A$2)*100&"k_"&MID(CELL("filename",A1),FIND("]",CELL("filename",A1))+1,255)&"_"&$B$12&"'!H"&ROW(A2)) -> 1 | D12: =INDIRECT("'[CILA2_Validation_Files.xlsx]"&$A$2&"_"&$C$3&"_"&COLUMN(B$2)*100&"k_"&MID(CELL("filename",B1),FIND("]",CELL("filename",B1))+1,255)&"_"&$B$12&"'!H"&ROW(B2)) -> 1 | E12: =INDIRECT("'[CILA2_Validation_Files.xlsx]"&$A$2&"_"&$C$3&"_"&COLUMN(C$2)*100&"k_"&MID(CELL("filename",C1),FIND("]",CELL("filename",C1))+1,255)&"_"&$B$12&"'!H"&ROW(C2)) -> 1 | F12: =INDIRECT("'[CILA2_Validation_Files.xlsx]"&$A$2&"_"&$C$3&"_"&COLUMN(D$2)*100&"k_"&MID(CELL("filename",D1),FIND("]",CELL("filename",D1))+1,255)&"_"&$B$12&"'!H"&ROW(D2)) -> 1 | G12: =INDIRECT("'[CILA2_Validation_Files.xlsx]"&$A$2&"_"&$C$3&"_"&COLUMN(E$2)*100&"k_"&MID(CELL("filename",E1),FIND("]",CELL("filename",E1))+1,255)&"_"&$B$12&"'!H"&ROW(E2)) -> 1 | H12: =INDIRECT("'[CILA2_Validation_Files.xlsx]"&$A$2&"_"&$H$3&"_"&COLUMN(A$2)*100&"k_"&MID(CELL("filename",A1),FIND("]",CELL("filename",A1))+1,255)&"_"&$B$12&"'!H"&ROW(A2)) -> 0 | I12: =INDIRECT("'[CILA2_Validation_Files.xlsx]"&$A$2&"_"&$H$3&"_"&COLUMN(B$2)*100&"k_"&MID(CELL("filename",B1),FIND("]",CELL("filename",B1))+1,255)&"_"&$B$12&"'!H"&ROW(B2)) -> 0 | J12: =INDIRECT("'[CILA2_Validation_Files.xlsx]"&$A$2&"_"&$H$3&"_"&COLUMN(C$2)*100&"k_"&MID(CELL("filename",C1),FIND("]",CELL("filename",C1))+1,255)&"_"&$B$12&"'!H"&ROW(C2)) -> 1 | K12: =INDIRECT("'[CILA2_Validation_Files.xlsx]"&$A$2&"_"&$H$3&"_"&COLUMN(D$2)*100&"k_"&MID(CELL("filename",D1),FIND("]",CELL("filename",D1))+1,255)&"_"&$B$12&"'!H"&ROW(D2)) -> 1 | L12: =INDIRECT("'[CILA2_Validation_Files.xlsx]"&$A$2&"_"&$H$3&"_"&COLUMN(E$2)*100&"k_"&MID(CELL("filename",E1),FIND("]",CELL("filename",E1))+1,255)&"_"&$B$12&"'!H"&ROW(E2)) -> 1 | M12: =INDIRECT("'[CILA2_Validation_Files.xlsx]"&$A$2&"_"&$M$3&"_"&COLUMN(A$2)*100&"k_"&MID(CELL("filename",A1),FIND("]",CELL("filename",A1))+1,255)&"_"&$B$12&"'!H"&ROW(A2)) -> 1 | N12: =INDIRECT("'[CILA2_Validation_Files.xlsx]"&$A$2&"_"&$M$3&"_"&COLUMN(B$2)*100&"k_"&MID(CELL("filename",B1),FIND("]",CELL("filename",B1))+1,255)&"_"&$B$12&"'!H"&ROW(B2)) -> 1 | O12: =INDIRECT("'[CILA2_Validation_Files.xlsx]"&$A$2&"_"&$M$3&"_"&COLUMN(C$2)*100&"k_"&MID(CELL("filename",C1),FIND("]",CELL("filename",C1))+1,255)&"_"&$B$12&"'!H"&ROW(C2)) -> 1 | P12: =INDIRECT("'[CILA2_Validation_Files.xlsx]"&$A$2&"_"&$M$3&"_"&COLUMN(D$2)*100&"k_"&MID(CELL("filename",D1),FIND("]",CELL("filename",D1))+1,255)&"_"&$B$12&"'!H"&ROW(D2)) -> 1 | Q12: =INDIRECT("'[CILA2_Validation_Files.xlsx]"&$A$2&"_"&$M$3&"_"&COLUMN(E$2)*100&"k_"&MID(CELL("filename",E1),FIND("]",CELL("filename",E1))+1,255)&"_"&$B$12&"'!H"&ROW(E2)) -> 0 | R12: =INDIRECT("'[CILA2_Validation_Files.xlsx]"&$A$2&"_"&$R$3&"_"&COLUMN(A$2)*100&"k_"&MID(CELL("filename",A1),FIND("]",CELL("filename",A1))+1,255)&"_"&$B$12&"'!H"&ROW(A2)) -> 1 | S12: =INDIRECT("'[CILA2_Validation_Files.xlsx]"&$A$2&"_"&$R$3&"_"&COLUMN(B$2)*100&"k_"&MID(CELL("filename",B1),FIND("]",CELL("filename",B1))+1,255)&"_"&$B$12&"'!H"&ROW(B2)) -> 1 | T12: =INDIRECT("'[CILA2_Validation_Files.xlsx]"&$A$2&"_"&$R$3&"_"&COLUMN(C$2)*100&"k_"&MID(CELL("filename",C1),FIND("]",CELL("filename",C1))+1,255)&"_"&$B$12&"'!H"&ROW(C2)) -> 1 | U12: =INDIRECT("'[CILA2_Validation_Files.xlsx]"&$A$2&"_"&$R$3&"_"&COLUMN(D$2)*100&"k_"&MID(CELL("filename",D1),FIND("]",CELL("filename",D1))+1,255)&"_"&$B$12&"'!H"&ROW(D2)) -> 1 | V12: =INDIRECT("'[CILA2_Validation_Files.xlsx]"&$A$2&"_"&$R$3&"_"&COLUMN(E$2)*100&"k_"&MID(CELL("filename",E1),FIND("]",CELL("filename",E1))+1,255)&"_"&$B$12&"'!H"&ROW(E2)) -> 1 | W12: =INDIRECT("'[CILA2_Validation_Files.xlsx]"&$A$2&"_"&$W$3&"_"&COLUMN(A$2)*100&"k_"&MID(CELL("filename",A1),FIND("]",CELL("filename",A1))+1,255)&"_"&$B$12&"'!H"&ROW(A2)) -> 1 | X12: =INDIRECT("'[CILA2_Validation_Files.xlsx]"&$A$2&"_"&$W$3&"_"&COLUMN(B$2)*100&"k_"&MID(CELL("filename",B1),FIND("]",CELL("filename",B1))+1,255)&"_"&$B$12&"'!H"&ROW(B2)) -> 1 | Y12: =INDIRECT("'[CILA2_Validation_Files.xlsx]"&$A$2&"_"&$W$3&"_"&COLUMN(C$2)*100&"k_"&MID(CELL("filename",C1),FIND("]",CELL("filename",C1))+1,255)&"_"&$B$12&"'!H"&ROW(C2)) -> 1 | Z12: =INDIRECT("'[CILA2_Validation_Files.xlsx]"&$A$2&"_"&$W$3&"_"&COLUMN(D$2)*100&"k_"&MID(CELL("filename",D1),FIND("]",CELL("filename",D1))+1,255)&"_"&$B$12&"'!H"&ROW(D2)) -> 0 | AA12: =INDIRECT("'[CILA2_Validation_Files.xlsx]"&$A$2&"_"&$W$3&"_"&COLUMN(E$2)*100&"k_"&MID(CELL("filename",E1),FIND("]",CELL("filename",E1))+1,255)&"_"&$B$12&"'!H"&ROW(E2)) -> 1 | AB12: =AVERAGE(C12:AA17) -> 0.82666667
A13: 8 | C13: =INDIRECT("'[CILA2_Validation_Files.xlsx]"&$A$2&"_"&$C$3&"_"&COLUMN(A$2)*100&"k_"&MID(CELL("filename",A2),FIND("]",CELL("filename",A2))+1,255)&"_"&$B$12&"'!H"&ROW(A3)) -> 1 | D13: =INDIRECT("'[CILA2_Validation_Files.xlsx]"&$A$2&"_"&$C$3&"_"&COLUMN(B$2)*100&"k_"&MID(CELL("filename",B2),FIND("]",CELL("filename",B2))+1,255)&"_"&$B$12&"'!H"&ROW(B3)) -> 1 | E13: =INDIRECT("'[CILA2_Validation_Files.xlsx]"&$A$2&"_"&$C$3&"_"&COLUMN(C$2)*100&"k_"&MID(CELL("filename",C2),FIND("]",CELL("filename",C2))+1,255)&"_"&$B$12&"'!H"&ROW(C3)) -> 1 | F13: =INDIRECT("'[CILA2_Validation_Files.xlsx]"&$A$2&"_"&$C$3&"_"&COLUMN(D$2)*100&"k_"&MID(CELL("filename",D2),FIND("]",CELL("filename",D2))+1,255)&"_"&$B$12&"'!H"&ROW(D3)) -> 1 | G13: =INDIRECT("'[CILA2_Validation_Files.xlsx]"&$A$2&"_"&$C$3&"_"&COLUMN(E$2)*100&"k_"&MID(CELL("filename",E2),FIND("]",CELL("filename",E2))+1,255)&"_"&$B$12&"'!H"&ROW(E3)) -> 1 | H13: =INDIRECT("'[CILA2_Validation_Files.xlsx]"&$A$2&"_"&$H$3&"_"&COLUMN(A$2)*100&"k_"&MID(CELL("filename",A2),FIND("]",CELL("filename",A2))+1,255)&"_"&$B$12&"'!H"&ROW(A3)) -> 0 | I13: =INDIRECT("'[CILA2_Validation_Files.xlsx]"&$A$2&"_"&$H$3&"_"&COLUMN(B$2)*100&"k_"&MID(CELL("filename",B2),FIND("]",CELL("filename",B2))+1,255)&"_"&$B$12&"'!H"&ROW(B3)) -> 1 | J13: =INDIRECT("'[CILA2_Validation_Files.xlsx]"&$A$2&"_"&$H$3&"_"&COLUMN(C$2)*100&"k_"&MID(CELL("filename",C2),FIND("]",CELL("filename",C2))+1,255)&"_"&$B$12&"'!H"&ROW(C3)) -> 1 | K13: =INDIRECT("'[CILA2_Validation_Files.xlsx]"&$A$2&"_"&$H$3&"_"&COLUMN(D$2)*100&"k_"&MID(CELL("filename",D2),FIND("]",CELL("filename",D2))+1,255)&"_"&$B$12&"'!H"&ROW(D3)) -> 1 | L13: =INDIRECT("'[CILA2_Validation_Files.xlsx]"&$A$2&"_"&$H$3&"_"&COLUMN(E$2)*100&"k_"&MID(CELL("filename",E2),FIND("]",CELL("filename",E2))+1,255)&"_"&$B$12&"'!H"&ROW(E3)) -> 1 | M13: =INDIRECT("'[CILA2_Validation_Files.xlsx]"&$A$2&"_"&$M$3&"_"&COLUMN(A$2)*100&"k_"&MID(CELL("filename",A2),FIND("]",CELL("filename",A2))+1,255)&"_"&$B$12&"'!H"&ROW(A3)) -> 1 | N13: =INDIRECT("'[CILA2_Validation_Files.xlsx]"&$A$2&"_"&$M$3&"_"&COLUMN(B$2)*100&"k_"&MID(CELL("filename",B2),FIND("]",CELL("filename",B2))+1,255)&"_"&$B$12&"'!H"&ROW(B3)) -> 1 | O13: =INDIRECT("'[CILA2_Validation_Files.xlsx]"&$A$2&"_"&$M$3&"_"&COLUMN(C$2)*100&"k_"&MID(CELL("filename",C2),FIND("]",CELL("filename",C2))+1,255)&"_"&$B$12&"'!H"&ROW(C3)) -> 1 | P13: =INDIRECT("'[CILA2_Validation_Files.xlsx]"&$A$2&"_"&$M$3&"_"&COLUMN(D$2)*100&"k_"&MID(CELL("filename",D2),FIND("]",CELL("filename",D2))+1,255)&"_"&$B$12&"'!H"&ROW(D3)) -> 1 | Q13: =INDIRECT("'[CILA2_Validation_Files.xlsx]"&$A$2&"_"&$M$3&"_"&COLUMN(E$2)*100&"k_"&MID(CELL("filename",E2),FIND("]",CELL("filename",E2))+1,255)&"_"&$B$12&"'!H"&ROW(E3)) -> 1 | R13: =INDIRECT("'[CILA2_Validation_Files.xlsx]"&$A$2&"_"&$R$3&"_"&COLUMN(A$2)*100&"k_"&MID(CELL("filename",A2),FIND("]",CELL("filename",A2))+1,255)&"_"&$B$12&"'!H"&ROW(A3)) -> 1 | S13: =INDIRECT("'[CILA2_Validation_Files.xlsx]"&$A$2&"_"&$R$3&"_"&COLUMN(B$2)*100&"k_"&MID(CELL("filename",B2),FIND("]",CELL("filename",B2))+1,255)&"_"&$B$12&"'!H"&ROW(B3)) -> 1 | T13: =INDIRECT("'[CILA2_Validation_Files.xlsx]"&$A$2&"_"&$R$3&"_"&COLUMN(C$2)*100&"k_"&MID(CELL("filename",C2),FIND("]",CELL("filename",C2))+1,255)&"_"&$B$12&"'!H"&ROW(C3)) -> 0 | U13: =INDIRECT("'[CILA2_Validation_Files.xlsx]"&$A$2&"_"&$R$3&"_"&COLUMN(D$2)*100&"k_"&MID(CELL("filename",D2),FIND("]",CELL("filename",D2))+1,255)&"_"&$B$12&"'!H"&ROW(D3)) -> 0 | V13: =INDIRECT("'[CILA2_Validation_Files.xlsx]"&$A$2&"_"&$R$3&"_"&COLUMN(E$2)*100&"k_"&MID(CELL("filename",E2),FIND("]",CELL("filename",E2))+1,255)&"_"&$B$12&"'!H"&ROW(E3)) -> 1 | W13: =INDIRECT("'[CILA2_Validation_Files.xlsx]"&$A$2&"_"&$W$3&"_"&COLUMN(A$2)*100&"k_"&MID(CELL("filename",A2),FIND("]",CELL("filename",A2))+1,255)&"_"&$B$12&"'!H"&ROW(A3)) -> 1 | X13: =INDIRECT("'[CILA2_Validation_Files.xlsx]"&$A$2&"_"&$W$3&"_"&COLUMN(B$2)*100&"k_"&MID(CELL("filename",B2),FIND("]",CELL("filename",B2))+1,255)&"_"&$B$12&"'!H"&ROW(B3)) -> 1 | Y13: =INDIRECT("'[CILA2_Validation_Files.xlsx]"&$A$2&"_"&$W$3&"_"&COLUMN(C$2)*100&"k_"&MID(CELL("filename",C2),FIND("]",CELL("filename",C2))+1,255)&"_"&$B$12&"'!H"&ROW(C3)) -> 0 | Z13: =INDIRECT("'[CILA2_Validation_Files.xlsx]"&$A$2&"_"&$W$3&"_"&COLUMN(D$2)*100&"k_"&MID(CELL("filename",D2),FIND("]",CELL("filename",D2))+1,255)&"_"&$B$12&"'!H"&ROW(D3)) -> 1 | AA13: =INDIRECT("'[CILA2_Validation_Files.xlsx]"&$A$2&"_"&$W$3&"_"&COLUMN(E$2)*100&"k_"&MID(CELL("filename",E2),FIND("]",CELL("filename",E2))+1,255)&"_"&$B$12&"'!H"&ROW(E3)) -> 0
A14: 9 | C14: =INDIRECT("'[CILA2_Validation_Files.xlsx]"&$A$2&"_"&$C$3&"_"&COLUMN(A$2)*100&"k_"&MID(CELL("filename",A3),FIND("]",CELL("filename",A3))+1,255)&"_"&$B$12&"'!H"&ROW(A4)) -> 1 | D14: =INDIRECT("'[CILA2_Validation_Files.xlsx]"&$A$2&"_"&$C$3&"_"&COLUMN(B$2)*100&"k_"&MID(CELL("filename",B3),FIND("]",CELL("filename",B3))+1,255)&"_"&$B$12&"'!H"&ROW(B4)) -> 1 | E14: =INDIRECT("'[CILA2_Validation_Files.xlsx]"&$A$2&"_"&$C$3&"_"&COLUMN(C$2)*100&"k_"&MID(CELL("filename",C3),FIND("]",CELL("filename",C3))+1,255)&"_"&$B$12&"'!H"&ROW(C4)) -> 1 | F14: =INDIRECT("'[CILA2_Validation_Files.xlsx]"&$A$2&"_"&$C$3&"_"&COLUMN(D$2)*100&"k_"&MID(CELL("filename",D3),FIND("]",CELL("filename",D3))+1,255)&"_"&$B$12&"'!H"&ROW(D4)) -> 1 | G14: =INDIRECT("'[CILA2_Validation_Files.xlsx]"&$A$2&"_"&$C$3&"_"&COLUMN(E$2)*100&"k_"&MID(CELL("filename",E3),FIND("]",CELL("filename",E3))+1,255)&"_"&$B$12&"'!H"&ROW(E4)) -> 1 | H14: =INDIRECT("'[CILA2_Validation_Files.xlsx]"&$A$2&"_"&$H$3&"_"&COLUMN(A$2)*100&"k_"&MID(CELL("filename",A3),FIND("]",CELL("filename",A3))+1,255)&"_"&$B$12&"'!H"&ROW(A4)) -> 1 | I14: =INDIRECT("'[CILA2_Validation_Files.xlsx]"&$A$2&"_"&$H$3&"_"&COLUMN(B$2)*100&"k_"&MID(CELL("filename",B3),FIND("]",CELL("filename",B3))+1,255)&"_"&$B$12&"'!H"&ROW(B4)) -> 1 | J14: =INDIRECT("'[CILA2_Validation_Files.xlsx]"&$A$2&"_"&$H$3&"_"&COLUMN(C$2)*100&"k_"&MID(CELL("filename",C3),FIND("]",CELL("filename",C3))+1,255)&"_"&$B$12&"'!H"&ROW(C4)) -> 1 | K14: =INDIRECT("'[CILA2_Validation_Files.xlsx]"&$A$2&"_"&$H$3&"_"&COLUMN(D$2)*100&"k_"&MID(CELL("filename",D3),FIND("]",CELL("filename",D3))+1,255)&"_"&$B$12&"'!H"&ROW(D4)) -> 0 | L14: =INDIRECT("'[CILA2_Validation_Files.xlsx]"&$A$2&"_"&$H$3&"_"&COLUMN(E$2)*100&"k_"&MID(CELL("filename",E3),FIND("]",CELL("filename",E3))+1,255)&"_"&$B$12&"'!H"&ROW(E4)) -> 1 | M14: =INDIRECT("'[CILA2_Validation_Files.xlsx]"&$A$2&"_"&$M$3&"_"&COLUMN(A$2)*100&"k_"&MID(CELL("filename",A3),FIND("]",CELL("filename",A3))+1,255)&"_"&$B$12&"'!H"&ROW(A4)) -> 1 | N14: =INDIRECT("'[CILA2_Validation_Files.xlsx]"&$A$2&"_"&$M$3&"_"&COLUMN(B$2)*100&"k_"&MID(CELL("filename",B3),FIND("]",CELL("filename",B3))+1,255)&"_"&$B$12&"'!H"&ROW(B4)) -> 1 | O14: =INDIRECT("'[CILA2_Validation_Files.xlsx]"&$A$2&"_"&$M$3&"_"&COLUMN(C$2)*100&"k_"&MID(CELL("filename",C3),FIND("]",CELL("filename",C3))+1,255)&"_"&$B$12&"'!H"&ROW(C4)) -> 1 | P14: =INDIRECT("'[CILA2_Validation_Files.xlsx]"&$A$2&"_"&$M$3&"_"&COLUMN(D$2)*100&"k_"&MID(CELL("filename",D3),FIND("]",CELL("filename",D3))+1,255)&"_"&$B$12&"'!H"&ROW(D4)) -> 1 | Q14: =INDIRECT("'[CILA2_Validation_Files.xlsx]"&$A$2&"_"&$M$3&"_"&COLUMN(E$2)*100&"k_"&MID(CELL("filename",E3),FIND("]",CELL("filename",E3))+1,255)&"_"&$B$12&"'!H"&ROW(E4)) -> 1 | R14: =INDIRECT("'[CILA2_Validation_Files.xlsx]"&$A$2&"_"&$R$3&"_"&COLUMN(A$2)*100&"k_"&MID(CELL("filename",A3),FIND("]",CELL("filename",A3))+1,255)&"_"&$B$12&"'!H"&ROW(A4)) -> 0 | S14: =INDIRECT("'[CILA2_Validation_Files.xlsx]"&$A$2&"_"&$R$3&"_"&COLUMN(B$2)*100&"k_"&MID(CELL("filename",B3),FIND("]",CELL("filename",B3))+1,255)&"_"&$B$12&"'!H"&ROW(B4)) -> 1 | T14: =INDIRECT("'[CILA2_Validation_Files.xlsx]"&$A$2&"_"&$R$3&"_"&COLUMN(C$2)*100&"k_"&MID(CELL("filename",C3),FIND("]",CELL("filename",C3))+1,255)&"_"&$B$12&"'!H"&ROW(C4)) -> 1 | U14: =INDIRECT("'[CILA2_Validation_Files.xlsx]"&$A$2&"_"&$R$3&"_"&COLUMN(D$2)*100&"k_"&MID(CELL("filename",D3),FIND("]",CELL("filename",D3))+1,255)&"_"&$B$12&"'!H"&ROW(D4)) -> 1 | V14: =INDIRECT("'[CILA2_Validation_Files.xlsx]"&$A$2&"_"&$R$3&"_"&COLUMN(E$2)*100&"k_"&MID(CELL("filename",E3),FIND("]",CELL("filename",E3))+1,255)&"_"&$B$12&"'!H"&ROW(E4)) -> 1 | W14: =INDIRECT("'[CILA2_Validation_Files.xlsx]"&$A$2&"_"&$W$3&"_"&COLUMN(A$2)*100&"k_"&MID(CELL("filename",A3),FIND("]",CELL("filename",A3))+1,255)&"_"&$B$12&"'!H"&ROW(A4)) -> 0 | X14: =INDIRECT("'[CILA2_Validation_Files.xlsx]"&$A$2&"_"&$W$3&"_"&COLUMN(B$2)*100&"k_"&MID(CELL("filename",B3),FIND("]",CELL("filename",B3))+1,255)&"_"&$B$12&"'!H"&ROW(B4)) -> 1 | Y14: =INDIRECT("'[CILA2_Validation_Files.xlsx]"&$A$2&"_"&$W$3&"_"&COLUMN(C$2)*100&"k_"&MID(CELL("filename",C3),FIND("]",CELL("filename",C3))+1,255)&"_"&$B$12&"'!H"&ROW(C4)) -> 0 | Z14: =INDIRECT("'[CILA2_Validation_Files.xlsx]"&$A$2&"_"&$W$3&"_"&COLUMN(D$2)*100&"k_"&MID(CELL("filename",D3),FIND("]",CELL("filename",D3))+1,255)&"_"&$B$12&"'!H"&ROW(D4)) -> 1 | AA14: =INDIRECT("'[CILA2_Validation_Files.xlsx]"&$A$2&"_"&$W$3&"_"&COLUMN(E$2)*100&"k_"&MID(CELL("filename",E3),FIND("]",CELL("filename",E3))+1,255)&"_"&$B$12&"'!H"&ROW(E4)) -> 1
A15: 10 | C15: =INDIRECT("'[CILA2_Validation_Files.xlsx]"&$A$2&"_"&$C$3&"_"&COLUMN(A$2)*100&"k_"&MID(CELL("filename",A4),FIND("]",CELL("filename",A4))+1,255)&"_"&$B$12&"'!H"&ROW(A5)) -> 0 | D15: =INDIRECT("'[CILA2_Validation_Files.xlsx]"&$A$2&"_"&$C$3&"_"&COLUMN(B$2)*100&"k_"&MID(CELL("filename",B4),FIND("]",CELL("filename",B4))+1,255)&"_"&$B$12&"'!H"&ROW(B5)) -> 0 | E15: =INDIRECT("'[CILA2_Validation_Files.xlsx]"&$A$2&"_"&$C$3&"_"&COLUMN(C$2)*100&"k_"&MID(CELL("filename",C4),FIND("]",CELL("filename",C4))+1,255)&"_"&$B$12&"'!H"&ROW(C5)) -> 1 | F15: =INDIRECT("'[CILA2_Validation_Files.xlsx]"&$A$2&"_"&$C$3&"_"&COLUMN(D$2)*100&"k_"&MID(CELL("filename",D4),FIND("]",CELL("filename",D4))+1,255)&"_"&$B$12&"'!H"&ROW(D5)) -> 1 | G15: =INDIRECT("'[CILA2_Validation_Files.xlsx]"&$A$2&"_"&$C$3&"_"&COLUMN(E$2)*100&"k_"&MID(CELL("filename",E4),FIND("]",CELL("filename",E4))+1,255)&"_"&$B$12&"'!H"&ROW(E5)) -> 0 | H15: =INDIRECT("'[CILA2_Validation_Files.xlsx]"&$A$2&"_"&$H$3&"_"&COLUMN(A$2)*100&"k_"&MID(CELL("filename",A4),FIND("]",CELL("filename",A4))+1,255)&"_"&$B$12&"'!H"&ROW(A5)) -> 1 | I15: =INDIRECT("'[CILA2_Validation_Files.xlsx]"&$A$2&"_"&$H$3&"_"&COLUMN(B$2)*100&"k_"&MID(CELL("filename",B4),FIND("]",CELL("filename",B4))+1,255)&"_"&$B$12&"'!H"&ROW(B5)) -> 1 | J15: =INDIRECT("'[CILA2_Validation_Files.xlsx]"&$A$2&"_"&$H$3&"_"&COLUMN(C$2)*100&"k_"&MID(CELL("filename",C4),FIND("]",CELL("filename",C4))+1,255)&"_"&$B$12&"'!H"&ROW(C5)) -> 1 | K15: =INDIRECT("'[CILA2_Validation_Files.xlsx]"&$A$2&"_"&$H$3&"_"&COLUMN(D$2)*100&"k_"&MID(CELL("filename",D4),FIND("]",CELL("filename",D4))+1,255)&"_"&$B$12&"'!H"&ROW(D5)) -> 1 | L15: =INDIRECT("'[CILA2_Validation_Files.xlsx]"&$A$2&"_"&$H$3&"_"&COLUMN(E$2)*100&"k_"&MID(CELL("filename",E4),FIND("]",CELL("filename",E4))+1,255)&"_"&$B$12&"'!H"&ROW(E5)) -> 1 | M15: =INDIRECT("'[CILA2_Validation_Files.xlsx]"&$A$2&"_"&$M$3&"_"&COLUMN(A$2)*100&"k_"&MID(CELL("filename",A4),FIND("]",CELL("filename",A4))+1,255)&"_"&$B$12&"'!H"&ROW(A5)) -> 1 | N15: =INDIRECT("'[CILA2_Validation_Files.xlsx]"&$A$2&"_"&$M$3&"_"&COLUMN(B$2)*100&"k_"&MID(CELL("filename",B4),FIND("]",CELL("filename",B4))+1,255)&"_"&$B$12&"'!H"&ROW(B5)) -> 1 | O15: =INDIRECT("'[CILA2_Validation_Files.xlsx]"&$A$2&"_"&$M$3&"_"&COLUMN(C$2)*100&"k_"&MID(CELL("filename",C4),FIND("]",CELL("filename",C4))+1,255)&"_"&$B$12&"'!H"&ROW(C5)) -> 1 | P15: =INDIRECT("'[CILA2_Validation_Files.xlsx]"&$A$2&"_"&$M$3&"_"&COLUMN(D$2)*100&"k_"&MID(CELL("filename",D4),FIND("]",CELL("filename",D4))+1,255)&"_"&$B$12&"'!H"&ROW(D5)) -> 1 | Q15: =INDIRECT("'[CILA2_Validation_Files.xlsx]"&$A$2&"_"&$M$3&"_"&COLUMN(E$2)*100&"k_"&MID(CELL("filename",E4),FIND("]",CELL("filename",E4))+1,255)&"_"&$B$12&"'!H"&ROW(E5)) -> 1 | R15: =INDIRECT("'[CILA2_Validation_Files.xlsx]"&$A$2&"_"&$R$3&"_"&COLUMN(A$2)*100&"k_"&MID(CELL("filename",A4),FIND("]",CELL("filename",A4))+1,255)&"_"&$B$12&"'!H"&ROW(A5)) -> 1 | S15: =INDIRECT("'[CILA2_Validation_Files.xlsx]"&$A$2&"_"&$R$3&"_"&COLUMN(B$2)*100&"k_"&MID(CELL("filename",B4),FIND("]",CELL("filename",B4))+1,255)&"_"&$B$12&"'!H"&ROW(B5)) -> 1 | T15: =INDIRECT("'[CILA2_Validation_Files.xlsx]"&$A$2&"_"&$R$3&"_"&COLUMN(C$2)*100&"k_"&MID(CELL("filename",C4),FIND("]",CELL("filename",C4))+1,255)&"_"&$B$12&"'!H"&ROW(C5)) -> 1 | U15: =INDIRECT("'[CILA2_Validation_Files.xlsx]"&$A$2&"_"&$R$3&"_"&COLUMN(D$2)*100&"k_"&MID(CELL("filename",D4),FIND("]",CELL("filename",D4))+1,255)&"_"&$B$12&"'!H"&ROW(D5)) -> 1 | V15: =INDIRECT("'[CILA2_Validation_Files.xlsx]"&$A$2&"_"&$R$3&"_"&COLUMN(E$2)*100&"k_"&MID(CELL("filename",E4),FIND("]",CELL("filename",E4))+1,255)&"_"&$B$12&"'!H"&ROW(E5)) -> 1 | W15: =INDIRECT("'[CILA2_Validation_Files.xlsx]"&$A$2&"_"&$W$3&"_"&COLUMN(A$2)*100&"k_"&MID(CELL("filename",A4),FIND("]",CELL("filename",A4))+1,255)&"_"&$B$12&"'!H"&ROW(A5)) -> 1 | X15: =INDIRECT("'[CILA2_Validation_Files.xlsx]"&$A$2&"_"&$W$3&"_"&COLUMN(B$2)*100&"k_"&MID(CELL("filename",B4),FIND("]",CELL("filename",B4))+1,255)&"_"&$B$12&"'!H"&ROW(B5)) -> 1 | Y15: =INDIRECT("'[CILA2_Validation_Files.xlsx]"&$A$2&"_"&$W$3&"_"&COLUMN(C$2)*100&"k_"&MID(CELL("filename",C4),FIND("]",CELL("filename",C4))+1,255)&"_"&$B$12&"'!H"&ROW(C5)) -> 1 | Z15: =INDIRECT("'[CILA2_Validation_Files.xlsx]"&$A$2&"_"&$W$3&"_"&COLUMN(D$2)*100&"k_"&MID(CELL("filename",D4),FIND("]",CELL("filename",D4))+1,255)&"_"&$B$12&"'!H"&ROW(D5)) -> 1 | AA15: =INDIRECT("'[CILA2_Validation_Files.xlsx]"&$A$2&"_"&$W$3&"_"&COLUMN(E$2)*100&"k_"&MID(CELL("filename",E4),FIND("]",CELL("filename",E4))+1,255)&"_"&$B$12&"'!H"&ROW(E5)) -> 0
A16: 11 | C16: =INDIRECT("'[CILA2_Validation_Files.xlsx]"&$A$2&"_"&$C$3&"_"&COLUMN(A$2)*100&"k_"&MID(CELL("filename",A5),FIND("]",CELL("filename",A5))+1,255)&"_"&$B$12&"'!H"&ROW(A6)) -> 0 | D16: =INDIRECT("'[CILA2_Validation_Files.xlsx]"&$A$2&"_"&$C$3&"_"&COLUMN(B$2)*100&"k_"&MID(CELL("filename",B5),FIND("]",CELL("filename",B5))+1,255)&"_"&$B$12&"'!H"&ROW(B6)) -> 1 | E16: =INDIRECT("'[CILA2_Validation_Files.xlsx]"&$A$2&"_"&$C$3&"_"&COLUMN(C$2)*100&"k_"&MID(CELL("filename",C5),FIND("]",CELL("filename",C5))+1,255)&"_"&$B$12&"'!H"&ROW(C6)) -> 1 | F16: =INDIRECT("'[CILA2_Validation_Files.xlsx]"&$A$2&"_"&$C$3&"_"&COLUMN(D$2)*100&"k_"&MID(CELL("filename",D5),FIND("]",CELL("filename",D5))+1,255)&"_"&$B$12&"'!H"&ROW(D6)) -> 1 | G16: =INDIRECT("'[CILA2_Validation_Files.xlsx]"&$A$2&"_"&$C$3&"_"&COLUMN(E$2)*100&"k_"&MID(CELL("filename",E5),FIND("]",CELL("filename",E5))+1,255)&"_"&$B$12&"'!H"&ROW(E6)) -> 1 | H16: =INDIRECT("'[CILA2_Validation_Files.xlsx]"&$A$2&"_"&$H$3&"_"&COLUMN(A$2)*100&"k_"&MID(CELL("filename",A5),FIND("]",CELL("filename",A5))+1,255)&"_"&$B$12&"'!H"&ROW(A6)) -> 0 | I16: =INDIRECT("'[CILA2_Validation_Files.xlsx]"&$A$2&"_"&$H$3&"_"&COLUMN(B$2)*100&"k_"&MID(CELL("filename",B5),FIND("]",CELL("filename",B5))+1,255)&"_"&$B$12&"'!H"&ROW(B6)) -> 1 | J16: =INDIRECT("'[CILA2_Validation_Files.xlsx]"&$A$2&"_"&$H$3&"_"&COLUMN(C$2)*100&"k_"&MID(CELL("filename",C5),FIND("]",CELL("filename",C5))+1,255)&"_"&$B$12&"'!H"&ROW(C6)) -> 1 | K16: =INDIRECT("'[CILA2_Validation_Files.xlsx]"&$A$2&"_"&$H$3&"_"&COLUMN(D$2)*100&"k_"&MID(CELL("filename",D5),FIND("]",CELL("filename",D5))+1,255)&"_"&$B$12&"'!H"&ROW(D6)) -> 1 | L16: =INDIRECT("'[CILA2_Validation_Files.xlsx]"&$A$2&"_"&$H$3&"_"&COLUMN(E$2)*100&"k_"&MID(CELL("filename",E5),FIND("]",CELL("filename",E5))+1,255)&"_"&$B$12&"'!H"&ROW(E6)) -> 1 | M16: =INDIRECT("'[CILA2_Validation_Files.xlsx]"&$A$2&"_"&$M$3&"_"&COLUMN(A$2)*100&"k_"&MID(CELL("filename",A5),FIND("]",CELL("filename",A5))+1,255)&"_"&$B$12&"'!H"&ROW(A6)) -> 0 | N16: =INDIRECT("'[CILA2_Validation_Files.xlsx]"&$A$2&"_"&$M$3&"_"&COLUMN(B$2)*100&"k_"&MID(CELL("filename",B5),FIND("]",CELL("filename",B5))+1,255)&"_"&$B$12&"'!H"&ROW(B6)) -> 1 | O16: =INDIRECT("'[CILA2_Validation_Files.xlsx]"&$A$2&"_"&$M$3&"_"&COLUMN(C$2)*100&"k_"&MID(CELL("filename",C5),FIND("]",CELL("filename",C5))+1,255)&"_"&$B$12&"'!H"&ROW(C6)) -> 1 | P16: =INDIRECT("'[CILA2_Validation_Files.xlsx]"&$A$2&"_"&$M$3&"_"&COLUMN(D$2)*100&"k_"&MID(CELL("filename",D5),FIND("]",CELL("filename",D5))+1,255)&"_"&$B$12&"'!H"&ROW(D6)) -> 1 | Q16: =INDIRECT("'[CILA2_Validation_Files.xlsx]"&$A$2&"_"&$M$3&"_"&COLUMN(E$2)*100&"k_"&MID(CELL("filename",E5),FIND("]",CELL("filename",E5))+1,255)&"_"&$B$12&"'!H"&ROW(E6)) -> 1 | R16: =INDIRECT("'[CILA2_Validation_Files.xlsx]"&$A$2&"_"&$R$3&"_"&COLUMN(A$2)*100&"k_"&MID(CELL("filename",A5),FIND("]",CELL("filename",A5))+1,255)&"_"&$B$12&"'!H"&ROW(A6)) -> 0 | S16: =INDIRECT("'[CILA2_Validation_Files.xlsx]"&$A$2&"_"&$R$3&"_"&COLUMN(B$2)*100&"k_"&MID(CELL("filename",B5),FIND("]",CELL("filename",B5))+1,255)&"_"&$B$12&"'!H"&ROW(B6)) -> 1 | T16: =INDIRECT("'[CILA2_Validation_Files.xlsx]"&$A$2&"_"&$R$3&"_"&COLUMN(C$2)*100&"k_"&MID(CELL("filename",C5),FIND("]",CELL("filename",C5))+1,255)&"_"&$B$12&"'!H"&ROW(C6)) -> 1 | U16: =INDIRECT("'[CILA2_Validation_Files.xlsx]"&$A$2&"_"&$R$3&"_"&COLUMN(D$2)*100&"k_"&MID(CELL("filename",D5),FIND("]",CELL("filename",D5))+1,255)&"_"&$B$12&"'!H"&ROW(D6)) -> 1 | V16: =INDIRECT("'[CILA2_Validation_Files.xlsx]"&$A$2&"_"&$R$3&"_"&COLUMN(E$2)*100&"k_"&MID(CELL("filename",E5),FIND("]",CELL("filename",E5))+1,255)&"_"&$B$12&"'!H"&ROW(E6)) -> 0 | W16: =INDIRECT("'[CILA2_Validation_Files.xlsx]"&$A$2&"_"&$W$3&"_"&COLUMN(A$2)*100&"k_"&MID(CELL("filename",A5),FIND("]",CELL("filename",A5))+1,255)&"_"&$B$12&"'!H"&ROW(A6)) -> 1 | X16: =INDIRECT("'[CILA2_Validation_Files.xlsx]"&$A$2&"_"&$W$3&"_"&COLUMN(B$2)*100&"k_"&MID(CELL("filename",B5),FIND("]",CELL("filename",B5))+1,255)&"_"&$B$12&"'!H"&ROW(B6)) -> 1 | Y16: =INDIRECT("'[CILA2_Validation_Files.xlsx]"&$A$2&"_"&$W$3&"_"&COLUMN(C$2)*100&"k_"&MID(CELL("filename",C5),FIND("]",CELL("filename",C5))+1,255)&"_"&$B$12&"'!H"&ROW(C6)) -> 1 | Z16: =INDIRECT("'[CILA2_Validation_Files.xlsx]"&$A$2&"_"&$W$3&"_"&COLUMN(D$2)*100&"k_"&MID(CELL("filename",D5),FIND("]",CELL("filename",D5))+1,255)&"_"&$B$12&"'!H"&ROW(D6)) -> 0 | AA16: =INDIRECT("'[CILA2_Validation_Files.xlsx]"&$A$2&"_"&$W$3&"_"&COLUMN(E$2)*100&"k_"&MID(CELL("filename",E5),FIND("]",CELL("filename",E5))+1,255)&"_"&$B$12&"'!H"&ROW(E6)) -> 1
A17: 12 | C17: =INDIRECT("'[CILA2_Validation_Files.xlsx]"&$A$2&"_"&$C$3&"_"&COLUMN(A$2)*100&"k_"&MID(CELL("filename",A6),FIND("]",CELL("filename",A6))+1,255)&"_"&$B$12&"'!H"&ROW(A7)) -> 0 | D17: =INDIRECT("'[CILA2_Validation_Files.xlsx]"&$A$2&"_"&$C$3&"_"&COLUMN(B$2)*100&"k_"&MID(CELL("filename",B6),FIND("]",CELL("filename",B6))+1,255)&"_"&$B$12&"'!H"&ROW(B7)) -> 1 | E17: =INDIRECT("'[CILA2_Validation_Files.xlsx]"&$A$2&"_"&$C$3&"_"&COLUMN(C$2)*100&"k_"&MID(CELL("filename",C6),FIND("]",CELL("filename",C6))+1,255)&"_"&$B$12&"'!H"&ROW(C7)) -> 1 | F17: =INDIRECT("'[CILA2_Validation_Files.xlsx]"&$A$2&"_"&$C$3&"_"&COLUMN(D$2)*100&"k_"&MID(CELL("filename",D6),FIND("]",CELL("filename",D6))+1,255)&"_"&$B$12&"'!H"&ROW(D7)) -> 1 | G17: =INDIRECT("'[CILA2_Validation_Files.xlsx]"&$A$2&"_"&$C$3&"_"&COLUMN(E$2)*100&"k_"&MID(CELL("filename",E6),FIND("]",CELL("filename",E6))+1,255)&"_"&$B$12&"'!H"&ROW(E7)) -> 1 | H17: =INDIRECT("'[CILA2_Validation_Files.xlsx]"&$A$2&"_"&$H$3&"_"&COLUMN(A$2)*100&"k_"&MID(CELL("filename",A6),FIND("]",CELL("filename",A6))+1,255)&"_"&$B$12&"'!H"&ROW(A7)) -> 1 | I17: =INDIRECT("'[CILA2_Validation_Files.xlsx]"&$A$2&"_"&$H$3&"_"&COLUMN(B$2)*100&"k_"&MID(CELL("filename",B6),FIND("]",CELL("filename",B6))+1,255)&"_"&$B$12&"'!H"&ROW(B7)) -> 1 | J17: =INDIRECT("'[CILA2_Validation_Files.xlsx]"&$A$2&"_"&$H$3&"_"&COLUMN(C$2)*100&"k_"&MID(CELL("filename",C6),FIND("]",CELL("filename",C6))+1,255)&"_"&$B$12&"'!H"&ROW(C7)) -> 1 | K17: =INDIRECT("'[CILA2_Validation_Files.xlsx]"&$A$2&"_"&$H$3&"_"&COLUMN(D$2)*100&"k_"&MID(CELL("filename",D6),FIND("]",CELL("filename",D6))+1,255)&"_"&$B$12&"'!H"&ROW(D7)) -> 0 | L17: =INDIRECT("'[CILA2_Validation_Files.xlsx]"&$A$2&"_"&$H$3&"_"&COLUMN(E$2)*100&"k_"&MID(CELL("filename",E6),FIND("]",CELL("filename",E6))+1,255)&"_"&$B$12&"'!H"&ROW(E7)) -> 1 | M17: =INDIRECT("'[CILA2_Validation_Files.xlsx]"&$A$2&"_"&$M$3&"_"&COLUMN(A$2)*100&"k_"&MID(CELL("filename",A6),FIND("]",CELL("filename",A6))+1,255)&"_"&$B$12&"'!H"&ROW(A7)) -> 1 | N17: =INDIRECT("'[CILA2_Validation_Files.xlsx]"&$A$2&"_"&$M$3&"_"&COLUMN(B$2)*100&"k_"&MID(CELL("filename",B6),FIND("]",CELL("filename",B6))+1,255)&"_"&$B$12&"'!H"&ROW(B7)) -> 1 | O17: =INDIRECT("'[CILA2_Validation_Files.xlsx]"&$A$2&"_"&$M$3&"_"&COLUMN(C$2)*100&"k_"&MID(CELL("filename",C6),FIND("]",CELL("filename",C6))+1,255)&"_"&$B$12&"'!H"&ROW(C7)) -> 1 | P17: =INDIRECT("'[CILA2_Validation_Files.xlsx]"&$A$2&"_"&$M$3&"_"&COLUMN(D$2)*100&"k_"&MID(CELL("filename",D6),FIND("]",CELL("filename",D6))+1,255)&"_"&$B$12&"'!H"&ROW(D7)) -> 1 | Q17: =INDIRECT("'[CILA2_Validation_Files.xlsx]"&$A$2&"_"&$M$3&"_"&COLUMN(E$2)*100&"k_"&MID(CELL("filename",E6),FIND("]",CELL("filename",E6))+1,255)&"_"&$B$12&"'!H"&ROW(E7)) -> 1 | R17: =INDIRECT("'[CILA2_Validation_Files.xlsx]"&$A$2&"_"&$R$3&"_"&COLUMN(A$2)*100&"k_"&MID(CELL("filename",A6),FIND("]",CELL("filename",A6))+1,255)&"_"&$B$12&"'!H"&ROW(A7)) -> 0 | S17: =INDIRECT("'[CILA2_Validation_Files.xlsx]"&$A$2&"_"&$R$3&"_"&COLUMN(B$2)*100&"k_"&MID(CELL("filename",B6),FIND("]",CELL("filename",B6))+1,255)&"_"&$B$12&"'!H"&ROW(B7)) -> 1 | T17: =INDIRECT("'[CILA2_Validation_Files.xlsx]"&$A$2&"_"&$R$3&"_"&COLUMN(C$2)*100&"k_"&MID(CELL("filename",C6),FIND("]",CELL("filename",C6))+1,255)&"_"&$B$12&"'!H"&ROW(C7)) -> 1 | U17: =INDIRECT("'[CILA2_Validation_Files.xlsx]"&$A$2&"_"&$R$3&"_"&COLUMN(D$2)*100&"k_"&MID(CELL("filename",D6),FIND("]",CELL("filename",D6))+1,255)&"_"&$B$12&"'!H"&ROW(D7)) -> 1 | V17: =INDIRECT("'[CILA2_Validation_Files.xlsx]"&$A$2&"_"&$R$3&"_"&COLUMN(E$2)*100&"k_"&MID(CELL("filename",E6),FIND("]",CELL("filename",E6))+1,255)&"_"&$B$12&"'!H"&ROW(E7)) -> 1 | W17: =INDIRECT("'[CILA2_Validation_Files.xlsx]"&$A$2&"_"&$W$3&"_"&COLUMN(A$2)*100&"k_"&MID(CELL("filename",A6),FIND("]",CELL("filename",A6))+1,255)&"_"&$B$12&"'!H"&ROW(A7)) -> 1 | X17: =INDIRECT("'[CILA2_Validation_Files.xlsx]"&$A$2&"_"&$W$3&"_"&COLUMN(B$2)*100&"k_"&MID(CELL("filename",B6),FIND("]",CELL("filename",B6))+1,255)&"_"&$B$12&"'!H"&ROW(B7)) -> 1 | Y17: =INDIRECT("'[CILA2_Validation_Files.xlsx]"&$A$2&"_"&$W$3&"_"&COLUMN(C$2)*100&"k_"&MID(CELL("filename",C6),FIND("]",CELL("filename",C6))+1,255)&"_"&$B$12&"'!H"&ROW(C7)) -> 1 | Z17: =INDIRECT("'[CILA2_Validation_Files.xlsx]"&$A$2&"_"&$W$3&"_"&COLUMN(D$2)*100&"k_"&MID(CELL("filename",D6),FIND("]",CELL("filename",D6))+1,255)&"_"&$B$12&"'!H"&ROW(D7)) -> 1 | AA17: =INDIRECT("'[CILA2_Validation_Files.xlsx]"&$A$2&"_"&$W$3&"_"&COLUMN(E$2)*100&"k_"&MID(CELL("filename",E6),FIND("]",CELL("filename",E6))+1,255)&"_"&$B$12&"'!H"&ROW(E7)) -> 1
A18: 13 | B18: navigation | C18: =INDIRECT("'[CILA2_Validation_Files.xlsx]"&$A$2&"_"&$C$3&"_"&COLUMN(A$2)*100&"k_"&MID(CELL("filename",A1),FIND("]",CELL("filename",A1))+1,255)&"_"&$B$18&"'!H"&ROW(A2)) -> 0 | D18: =INDIRECT("'[CILA2_Validation_Files.xlsx]"&$A$2&"_"&$C$3&"_"&COLUMN(B$2)*100&"k_"&MID(CELL("filename",B1),FIND("]",CELL("filename",B1))+1,255)&"_"&$B$18&"'!H"&ROW(B2)) -> 1 | E18: =INDIRECT("'[CILA2_Validation_Files.xlsx]"&$A$2&"_"&$C$3&"_"&COLUMN(C$2)*100&"k_"&MID(CELL("filename",C1),FIND("]",CELL("filename",C1))+1,255)&"_"&$B$18&"'!H"&ROW(C2)) -> 1 | F18: =INDIRECT("'[CILA2_Validation_Files.xlsx]"&$A$2&"_"&$C$3&"_"&COLUMN(D$2)*100&"k_"&MID(CELL("filename",D1),FIND("]",CELL("filename",D1))+1,255)&"_"&$B$18&"'!H"&ROW(D2)) -> 1 | G18: =INDIRECT("'[CILA2_Validation_Files.xlsx]"&$A$2&"_"&$C$3&"_"&COLUMN(E$2)*100&"k_"&MID(CELL("filename",E1),FIND("]",CELL("filename",E1))+1,255)&"_"&$B$18&"'!H"&ROW(E2)) -> 1 | H18: =INDIRECT("'[CILA2_Validation_Files.xlsx]"&$A$2&"_"&$H$3&"_"&COLUMN(A$2)*100&"k_"&MID(CELL("filename",A1),FIND("]",CELL("filename",A1))+1,255)&"_"&$B$18&"'!H"&ROW(A2)) -> 1 | I18: =INDIRECT("'[CILA2_Validation_Files.xlsx]"&$A$2&"_"&$H$3&"_"&COLUMN(B$2)*100&"k_"&MID(CELL("filename",B1),FIND("]",CELL("filename",B1))+1,255)&"_"&$B$18&"'!H"&ROW(B2)) -> 1 | J18: =INDIRECT("'[CILA2_Validation_Files.xlsx]"&$A$2&"_"&$H$3&"_"&COLUMN(C$2)*100&"k_"&MID(CELL("filename",C1),FIND("]",CELL("filename",C1))+1,255)&"_"&$B$18&"'!H"&ROW(C2)) -> 1 | K18: =INDIRECT("'[CILA2_Validation_Files.xlsx]"&$A$2&"_"&$H$3&"_"&COLUMN(D$2)*100&"k_"&MID(CELL("filename",D1),FIND("]",CELL("filename",D1))+1,255)&"_"&$B$18&"'!H"&ROW(D2)) -> 0 | L18: =INDIRECT("'[CILA2_Validation_Files.xlsx]"&$A$2&"_"&$H$3&"_"&COLUMN(E$2)*100&"k_"&MID(CELL("filename",E1),FIND("]",CELL("filename",E1))+1,255)&"_"&$B$18&"'!H"&ROW(E2)) -> 1 | M18: =INDIRECT("'[CILA2_Validation_Files.xlsx]"&$A$2&"_"&$M$3&"_"&COLUMN(A$2)*100&"k_"&MID(CELL("filename",A1),FIND("]",CELL("filename",A1))+1,255)&"_"&$B$18&"'!H"&ROW(A2)) -> 1 | N18: =INDIRECT("'[CILA2_Validation_Files.xlsx]"&$A$2&"_"&$M$3&"_"&COLUMN(B$2)*100&"k_"&MID(CELL("filename",B1),FIND("]",CELL("filename",B1))+1,255)&"_"&$B$18&"'!H"&ROW(B2)) -> 1 | O18: =INDIRECT("'[CILA2_Validation_Files.xlsx]"&$A$2&"_"&$M$3&"_"&COLUMN(C$2)*100&"k_"&MID(CELL("filename",C1),FIND("]",CELL("filename",C1))+1,255)&"_"&$B$18&"'!H"&ROW(C2)) -> 1 | P18: =INDIRECT("'[CILA2_Validation_Files.xlsx]"&$A$2&"_"&$M$3&"_"&COLUMN(D$2)*100&"k_"&MID(CELL("filename",D1),FIND("]",CELL("filename",D1))+1,255)&"_"&$B$18&"'!H"&ROW(D2)) -> 1 | Q18: =INDIRECT("'[CILA2_Validation_Files.xlsx]"&$A$2&"_"&$M$3&"_"&COLUMN(E$2)*100&"k_"&MID(CELL("filename",E1),FIND("]",CELL("filename",E1))+1,255)&"_"&$B$18&"'!H"&ROW(E2)) -> 1 | R18: =INDIRECT("'[CILA2_Validation_Files.xlsx]"&$A$2&"_"&$R$3&"_"&COLUMN(A$2)*100&"k_"&MID(CELL("filename",A1),FIND("]",CELL("filename",A1))+1,255)&"_"&$B$18&"'!H"&ROW(A2)) -> 0 | S18: =INDIRECT("'[CILA2_Validation_Files.xlsx]"&$A$2&"_"&$R$3&"_"&COLUMN(B$2)*100&"k_"&MID(CELL("filename",B1),FIND("]",CELL("filename",B1))+1,255)&"_"&$B$18&"'!H"&ROW(B2)) -> 1 | T18: =INDIRECT("'[CILA2_Validation_Files.xlsx]"&$A$2&"_"&$R$3&"_"&COLUMN(C$2)*100&"k_"&MID(CELL("filename",C1),FIND("]",CELL("filename",C1))+1,255)&"_"&$B$18&"'!H"&ROW(C2)) -> 1 | U18: =INDIRECT("'[CILA2_Validation_Files.xlsx]"&$A$2&"_"&$R$3&"_"&COLUMN(D$2)*100&"k_"&MID(CELL("filename",D1),FIND("]",CELL("filename",D1))+1,255)&"_"&$B$18&"'!H"&ROW(D2)) -> 1 | V18: =INDIRECT("'[CILA2_Validation_Files.xlsx]"&$A$2&"_"&$R$3&"_"&COLUMN(E$2)*100&"k_"&MID(CELL("filename",E1),FIND("]",CELL("filename",E1))+1,255)&"_"&$B$18&"'!H"&ROW(E2)) -> 1 | W18: =INDIRECT("'[CILA2_Validation_Files.xlsx]"&$A$2&"_"&$W$3&"_"&COLUMN(A$2)*100&"k_"&MID(CELL("filename",A1),FIND("]",CELL("filename",A1))+1,255)&"_"&$B$18&"'!H"&ROW(A2)) -> 1 | X18: =INDIRECT("'[CILA2_Validation_Files.xlsx]"&$A$2&"_"&$W$3&"_"&COLUMN(B$2)*100&"k_"&MID(CELL("filename",B1),FIND("]",CELL("filename",B1))+1,255)&"_"&$B$18&"'!H"&ROW(B2)) -> 0 | Y18: =INDIRECT("'[CILA2_Validation_Files.xlsx]"&$A$2&"_"&$W$3&"_"&COLUMN(C$2)*100&"k_"&MID(CELL("filename",C1),FIND("]",CELL("filename",C1))+1,255)&"_"&$B$18&"'!H"&ROW(C2)) -> 0 | Z18: =INDIRECT("'[CILA2_Validation_Files.xlsx]"&$A$2&"_"&$W$3&"_"&COLUMN(D$2)*100&"k_"&MID(CELL("filename",D1),FIND("]",CELL("filename",D1))+1,255)&"_"&$B$18&"'!H"&ROW(D2)) -> 0 | AA18: =INDIRECT("'[CILA2_Validation_Files.xlsx]"&$A$2&"_"&$W$3&"_"&COLUMN(E$2)*100&"k_"&MID(CELL("filename",E1),FIND("]",CELL("filename",E1))+1,255)&"_"&$B$18&"'!H"&ROW(E2)) -> 1 | AB18: =AVERAGE(C18:AA23) -> 0.7
A19: 14 | C19: =INDIRECT("'[CILA2_Validation_Files.xlsx]"&$A$2&"_"&$C$3&"_"&COLUMN(A$2)*100&"k_"&MID(CELL("filename",A2),FIND("]",CELL("filename",A2))+1,255)&"_"&$B$18&"'!H"&ROW(A3)) -> 1 | D19: =INDIRECT("'[CILA2_Validation_Files.xlsx]"&$A$2&"_"&$C$3&"_"&COLUMN(B$2)*100&"k_"&MID(CELL("filename",B2),FIND("]",CELL("filename",B2))+1,255)&"_"&$B$18&"'!H"&ROW(B3)) -> 0 | E19: =INDIRECT("'[CILA2_Validation_Files.xlsx]"&$A$2&"_"&$C$3&"_"&COLUMN(C$2)*100&"k_"&MID(CELL("filename",C2),FIND("]",CELL("filename",C2))+1,255)&"_"&$B$18&"'!H"&ROW(C3)) -> 0 | F19: =INDIRECT("'[CILA2_Validation_Files.xlsx]"&$A$2&"_"&$C$3&"_"&COLUMN(D$2)*100&"k_"&MID(CELL("filename",D2),FIND("]",CELL("filename",D2))+1,255)&"_"&$B$18&"'!H"&ROW(D3)) -> 1 | G19: =INDIRECT("'[CILA2_Validation_Files.xlsx]"&$A$2&"_"&$C$3&"_"&COLUMN(E$2)*100&"k_"&MID(CELL("filename",E2),FIND("]",CELL("filename",E2))+1,255)&"_"&$B$18&"'!H"&ROW(E3)) -> 1 | H19: =INDIRECT("'[CILA2_Validation_Files.xlsx]"&$A$2&"_"&$H$3&"_"&COLUMN(A$2)*100&"k_"&MID(CELL("filename",A2),FIND("]",CELL("filename",A2))+1,255)&"_"&$B$18&"'!H"&ROW(A3)) -> 0 | I19: =INDIRECT("'[CILA2_Validation_Files.xlsx]"&$A$2&"_"&$H$3&"_"&COLUMN(B$2)*100&"k_"&MID(CELL("filename",B2),FIND("]",CELL("filename",B2))+1,255)&"_"&$B$18&"'!H"&ROW(B3)) -> 1 | J19: =INDIRECT("'[CILA2_Validation_Files.xlsx]"&$A$2&"_"&$H$3&"_"&COLUMN(C$2)*100&"k_"&MID(CELL("filename",C2),FIND("]",CELL("filename",C2))+1,255)&"_"&$B$18&"'!H"&ROW(C3)) -> 0 | K19: =INDIRECT("'[CILA2_Validation_Files.xlsx]"&$A$2&"_"&$H$3&"_"&COLUMN(D$2)*100&"k_"&MID(CELL("filename",D2),FIND("]",CELL("filename",D2))+1,255)&"_"&$B$18&"'!H"&ROW(D3)) -> 1 | L19: =INDIRECT("'[CILA2_Validation_Files.xlsx]"&$A$2&"_"&$H$3&"_"&COLUMN(E$2)*100&"k_"&MID(CELL("filename",E2),FIND("]",CELL("filename",E2))+1,255)&"_"&$B$18&"'!H"&ROW(E3)) -> 1 | M19: =INDIRECT("'[CILA2_Validation_Files.xlsx]"&$A$2&"_"&$M$3&"_"&COLUMN(A$2)*100&"k_"&MID(CELL("filename",A2),FIND("]",CELL("filename",A2))+1,255)&"_"&$B$18&"'!H"&ROW(A3)) -> 1 | N19: =INDIRECT("'[CILA2_Validation_Files.xlsx]"&$A$2&"_"&$M$3&"_"&COLUMN(B$2)*100&"k_"&MID(CELL("filename",B2),FIND("]",CELL("filename",B2))+1,255)&"_"&$B$18&"'!H"&ROW(B3)) -> 1 | O19: =INDIRECT("'[CILA2_Validation_Files.xlsx]"&$A$2&"_"&$M$3&"_"&COLUMN(C$2)*100&"k_"&MID(CELL("filename",C2),FIND("]",CELL("filename",C2))+1,255)&"_"&$B$18&"'!H"&ROW(C3)) -> 1 | P19: =INDIRECT("'[CILA2_Validation_Files.xlsx]"&$A$2&"_"&$M$3&"_"&COLUMN(D$2)*100&"k_"&MID(CELL("filename",D2),FIND("]",CELL("filename",D2))+1,255)&"_"&$B$18&"'!H"&ROW(D3)) -> 0 | Q19: =INDIRECT("'[CILA2_Validation_Files.xlsx]"&$A$2&"_"&$M$3&"_"&COLUMN(E$2)*100&"k_"&MID(CELL("filename",E2),FIND("]",CELL("filename",E2))+1,255)&"_"&$B$18&"'!H"&ROW(E3)) -> 1 | R19: =INDIRECT("'[CILA2_Validation_Files.xlsx]"&$A$2&"_"&$R$3&"_"&COLUMN(A$2)*100&"k_"&MID(CELL("filename",A2),FIND("]",CELL("filename",A2))+1,255)&"_"&$B$18&"'!H"&ROW(A3)) -> 0 | S19: =INDIRECT("'[CILA2_Validation_Files.xlsx]"&$A$2&"_"&$R$3&"_"&COLUMN(B$2)*100&"k_"&MID(CELL("filename",B2),FIND("]",CELL("filename",B2))+1,255)&"_"&$B$18&"'!H"&ROW(B3)) -> 1 | T19: =INDIRECT("'[CILA2_Validation_Files.xlsx]"&$A$2&"_"&$R$3&"_"&COLUMN(C$2)*100&"k_"&MID(CELL("filename",C2),FIND("]",CELL("filename",C2))+1,255)&"_"&$B$18&"'!H"&ROW(C3)) -> 1 | U19: =INDIRECT("'[CILA2_Validation_Files.xlsx]"&$A$2&"_"&$R$3&"_"&COLUMN(D$2)*100&"k_"&MID(CELL("filename",D2),FIND("]",CELL("filename",D2))+1,255)&"_"&$B$18&"'!H"&ROW(D3)) -> 1 | V19: =INDIRECT("'[CILA2_Validation_Files.xlsx]"&$A$2&"_"&$R$3&"_"&COLUMN(E$2)*100&"k_"&MID(CELL("filename",E2),FIND("]",CELL("filename",E2))+1,255)&"_"&$B$18&"'!H"&ROW(E3)) -> 1 | W19: =INDIRECT("'[CILA2_Validation_Files.xlsx]"&$A$2&"_"&$W$3&"_"&COLUMN(A$2)*100&"k_"&MID(CELL("filename",A2),FIND("]",CELL("filename",A2))+1,255)&"_"&$B$18&"'!H"&ROW(A3)) -> 0 | X19: =INDIRECT("'[CILA2_Validation_Files.xlsx]"&$A$2&"_"&$W$3&"_"&COLUMN(B$2)*100&"k_"&MID(CELL("filename",B2),FIND("]",CELL("filename",B2))+1,255)&"_"&$B$18&"'!H"&ROW(B3)) -> 1 | Y19: =INDIRECT("'[CILA2_Validation_Files.xlsx]"&$A$2&"_"&$W$3&"_"&COLUMN(C$2)*100&"k_"&MID(CELL("filename",C2),FIND("]",CELL("filename",C2))+1,255)&"_"&$B$18&"'!H"&ROW(C3)) -> 0 | Z19: =INDIRECT("'[CILA2_Validation_Files.xlsx]"&$A$2&"_"&$W$3&"_"&COLUMN(D$2)*100&"k_"&MID(CELL("filename",D2),FIND("]",CELL("filename",D2))+1,255)&"_"&$B$18&"'!H"&ROW(D3)) -> 1 | AA19: =INDIRECT("'[CILA2_Validation_Files.xlsx]"&$A$2&"_"&$W$3&"_"&COLUMN(E$2)*100&"k_"&MID(CELL("filename",E2),FIND("]",CELL("filename",E2))+1,255)&"_"&$B$18&"'!H"&ROW(E3)) -> 1
A20: 15 | C20: =INDIRECT("'[CILA2_Validation_Files.xlsx]"&$A$2&"_"&$C$3&"_"&COLUMN(A$2)*100&"k_"&MID(CELL("filename",A3),FIND("]",CELL("filename",A3))+1,255)&"_"&$B$18&"'!H"&ROW(A4)) -> 1 | D20: =INDIRECT("'[CILA2_Validation_Files.xlsx]"&$A$2&"_"&$C$3&"_"&COLUMN(B$2)*100&"k_"&MID(CELL("filename",B3),FIND("]",CELL("filename",B3))+1,255)&"_"&$B$18&"'!H"&ROW(B4)) -> 1 | E20: =INDIRECT("'[CILA2_Validation_Files.xlsx]"&$A$2&"_"&$C$3&"_"&COLUMN(C$2)*100&"k_"&MID(CELL("filename",C3),FIND("]",CELL("filename",C3))+1,255)&"_"&$B$18&"'!H"&ROW(C4)) -> 1 | F20: =INDIRECT("'[CILA2_Validation_Files.xlsx]"&$A$2&"_"&$C$3&"_"&COLUMN(D$2)*100&"k_"&MID(CELL("filename",D3),FIND("]",CELL("filename",D3))+1,255)&"_"&$B$18&"'!H"&ROW(D4)) -> 1 | G20: =INDIRECT("'[CILA2_Validation_Files.xlsx]"&$A$2&"_"&$C$3&"_"&COLUMN(E$2)*100&"k_"&MID(CELL("filename",E3),FIND("]",CELL("filename",E3))+1,255)&"_"&$B$18&"'!H"&ROW(E4)) -> 0 | H20: =INDIRECT("'[CILA2_Validation_Files.xlsx]"&$A$2&"_"&$H$3&"_"&COLUMN(A$2)*100&"k_"&MID(CELL("filename",A3),FIND("]",CELL("filename",A3))+1,255)&"_"&$B$18&"'!H"&ROW(A4)) -> 0 | I20: =INDIRECT("'[CILA2_Validation_Files.xlsx]"&$A$2&"_"&$H$3&"_"&COLUMN(B$2)*100&"k_"&MID(CELL("filename",B3),FIND("]",CELL("filename",B3))+1,255)&"_"&$B$18&"'!H"&ROW(B4)) -> 1 | J20: =INDIRECT("'[CILA2_Validation_Files.xlsx]"&$A$2&"_"&$H$3&"_"&COLUMN(C$2)*100&"k_"&MID(CELL("filename",C3),FIND("]",CELL("filename",C3))+1,255)&"_"&$B$18&"'!H"&ROW(C4)) -> 0 | K20: =INDIRECT("'[CILA2_Validation_Files.xlsx]"&$A$2&"_"&$H$3&"_"&COLUMN(D$2)*100&"k_"&MID(CELL("filename",D3),FIND("]",CELL("filename",D3))+1,255)&"_"&$B$18&"'!H"&ROW(D4)) -> 0 | L20: =INDIRECT("'[CILA2_Validation_Files.xlsx]"&$A$2&"_"&$H$3&"_"&COLUMN(E$2)*100&"k_"&MID(CELL("filename",E3),FIND("]",CELL("filename",E3))+1,255)&"_"&$B$18&"'!H"&ROW(E4)) -> 1 | M20: =INDIRECT("'[CILA2_Validation_Files.xlsx]"&$A$2&"_"&$M$3&"_"&COLUMN(A$2)*100&"k_"&MID(CELL("filename",A3),FIND("]",CELL("filename",A3))+1,255)&"_"&$B$18&"'!H"&ROW(A4)) -> 1 | N20: =INDIRECT("'[CILA2_Validation_Files.xlsx]"&$A$2&"_"&$M$3&"_"&COLUMN(B$2)*100&"k_"&MID(CELL("filename",B3),FIND("]",CELL("filename",B3))+1,255)&"_"&$B$18&"'!H"&ROW(B4)) -> 1 | O20: =INDIRECT("'[CILA2_Validation_Files.xlsx]"&$A$2&"_"&$M$3&"_"&COLUMN(C$2)*100&"k_"&MID(CELL("filename",C3),FIND("]",CELL("filename",C3))+1,255)&"_"&$B$18&"'!H"&ROW(C4)) -> 1 | P20: =INDIRECT("'[CILA2_Validation_Files.xlsx]"&$A$2&"_"&$M$3&"_"&COLUMN(D$2)*100&"k_"&MID(CELL("filename",D3),FIND("]",CELL("filename",D3))+1,255)&"_"&$B$18&"'!H"&ROW(D4)) -> 1 | Q20: =INDIRECT("'[CILA2_Validation_Files.xlsx]"&$A$2&"_"&$M$3&"_"&COLUMN(E$2)*100&"k_"&MID(CELL("filename",E3),FIND("]",CELL("filename",E3))+1,255)&"_"&$B$18&"'!H"&ROW(E4)) -> 0 | R20: =INDIRECT("'[CILA2_Validation_Files.xlsx]"&$A$2&"_"&$R$3&"_"&COLUMN(A$2)*100&"k_"&MID(CELL("filename",A3),FIND("]",CELL("filename",A3))+1,255)&"_"&$B$18&"'!H"&ROW(A4)) -> 1 | S20: =INDIRECT("'[CILA2_Validation_Files.xlsx]"&$A$2&"_"&$R$3&"_"&COLUMN(B$2)*100&"k_"&MID(CELL("filename",B3),FIND("]",CELL("filename",B3))+1,255)&"_"&$B$18&"'!H"&ROW(B4)) -> 1 | T20: =INDIRECT("'[CILA2_Validation_Files.xlsx]"&$A$2&"_"&$R$3&"_"&COLUMN(C$2)*100&"k_"&MID(CELL("filename",C3),FIND("]",CELL("filename",C3))+1,255)&"_"&$B$18&"'!H"&ROW(C4)) -> 1 | U20: =INDIRECT("'[CILA2_Validation_Files.xlsx]"&$A$2&"_"&$R$3&"_"&COLUMN(D$2)*100&"k_"&MID(CELL("filename",D3),FIND("]",CELL("filename",D3))+1,255)&"_"&$B$18&"'!H"&ROW(D4)) -> 1 | V20: =INDIRECT("'[CILA2_Validation_Files.xlsx]"&$A$2&"_"&$R$3&"_"&COLUMN(E$2)*100&"k_"&MID(CELL("filename",E3),FIND("]",CELL("filename",E3))+1,255)&"_"&$B$18&"'!H"&ROW(E4)) -> 0 | W20: =INDIRECT("'[CILA2_Validation_Files.xlsx]"&$A$2&"_"&$W$3&"_"&COLUMN(A$2)*100&"k_"&MID(CELL("filename",A3),FIND("]",CELL("filename",A3))+1,255)&"_"&$B$18&"'!H"&ROW(A4)) -> 0 | X20: =INDIRECT("'[CILA2_Validation_Files.xlsx]"&$A$2&"_"&$W$3&"_"&COLUMN(B$2)*100&"k_"&MID(CELL("filename",B3),FIND("]",CELL("filename",B3))+1,255)&"_"&$B$18&"'!H"&ROW(B4)) -> 0 | Y20: =INDIRECT("'[CILA2_Validation_Files.xlsx]"&$A$2&"_"&$W$3&"_"&COLUMN(C$2)*100&"k_"&MID(CELL("filename",C3),FIND("]",CELL("filename",C3))+1,255)&"_"&$B$18&"'!H"&ROW(C4)) -> 1 | Z20: =INDIRECT("'[CILA2_Validation_Files.xlsx]"&$A$2&"_"&$W$3&"_"&COLUMN(D$2)*100&"k_"&MID(CELL("filename",D3),FIND("]",CELL("filename",D3))+1,255)&"_"&$B$18&"'!H"&ROW(D4)) -> 1 | AA20: =INDIRECT("'[CILA2_Validation_Files.xlsx]"&$A$2&"_"&$W$3&"_"&COLUMN(E$2)*100&"k_"&MID(CELL("filename",E3),FIND("]",CELL("filename",E3))+1,255)&"_"&$B$18&"'!H"&ROW(E4)) -> 1
A21: 16 | C21: =INDIRECT("'[CILA2_Validation_Files.xlsx]"&$A$2&"_"&$C$3&"_"&COLUMN(A$2)*100&"k_"&MID(CELL("filename",A4),FIND("]",CELL("filename",A4))+1,255)&"_"&$B$18&"'!H"&ROW(A5)) -> 0 | D21: =INDIRECT("'[CILA2_Validation_Files.xlsx]"&$A$2&"_"&$C$3&"_"&COLUMN(B$2)*100&"k_"&MID(CELL("filename",B4),FIND("]",CELL("filename",B4))+1,255)&"_"&$B$18&"'!H"&ROW(B5)) -> 1 | E21: =INDIRECT("'[CILA2_Validation_Files.xlsx]"&$A$2&"_"&$C$3&"_"&COLUMN(C$2)*100&"k_"&MID(CELL("filename",C4),FIND("]",CELL("filename",C4))+1,255)&"_"&$B$18&"'!H"&ROW(C5)) -> 1 | F21: =INDIRECT("'[CILA2_Validation_Files.xlsx]"&$A$2&"_"&$C$3&"_"&COLUMN(D$2)*100&"k_"&MID(CELL("filename",D4),FIND("]",CELL("filename",D4))+1,255)&"_"&$B$18&"'!H"&ROW(D5)) -> 1 | G21: =INDIRECT("'[CILA2_Validation_Files.xlsx]"&$A$2&"_"&$C$3&"_"&COLUMN(E$2)*100&"k_"&MID(CELL("filename",E4),FIND("]",CELL("filename",E4))+1,255)&"_"&$B$18&"'!H"&ROW(E5)) -> 1 | H21: =INDIRECT("'[CILA2_Validation_Files.xlsx]"&$A$2&"_"&$H$3&"_"&COLUMN(A$2)*100&"k_"&MID(CELL("filename",A4),FIND("]",CELL("filename",A4))+1,255)&"_"&$B$18&"'!H"&ROW(A5)) -> 0 | I21: =INDIRECT("'[CILA2_Validation_Files.xlsx]"&$A$2&"_"&$H$3&"_"&COLUMN(B$2)*100&"k_"&MID(CELL("filename",B4),FIND("]",CELL("filename",B4))+1,255)&"_"&$B$18&"'!H"&ROW(B5)) -> 1 | J21: =INDIRECT("'[CILA2_Validation_Files.xlsx]"&$A$2&"_"&$H$3&"_"&COLUMN(C$2)*100&"k_"&MID(CELL("filename",C4),FIND("]",CELL("filename",C4))+1,255)&"_"&$B$18&"'!H"&ROW(C5)) -> 1 | K21: =INDIRECT("'[CILA2_Validation_Files.xlsx]"&$A$2&"_"&$H$3&"_"&COLUMN(D$2)*100&"k_"&MID(CELL("filename",D4),FIND("]",CELL("filename",D4))+1,255)&"_"&$B$18&"'!H"&ROW(D5)) -> 1 | L21: =INDIRECT("'[CILA2_Validation_Files.xlsx]"&$A$2&"_"&$H$3&"_"&COLUMN(E$2)*100&"k_"&MID(CELL("filename",E4),FIND("]",CELL("filename",E4))+1,255)&"_"&$B$18&"'!H"&ROW(E5)) -> 1 | M21: =INDIRECT("'[CILA2_Validation_Files.xlsx]"&$A$2&"_"&$M$3&"_"&COLUMN(A$2)*100&"k_"&MID(CELL("filename",A4),FIND("]",CELL("filename",A4))+1,255)&"_"&$B$18&"'!H"&ROW(A5)) -> 1 | N21: =INDIRECT("'[CILA2_Validation_Files.xlsx]"&$A$2&"_"&$M$3&"_"&COLUMN(B$2)*100&"k_"&MID(CELL("filename",B4),FIND("]",CELL("filename",B4))+1,255)&"_"&$B$18&"'!H"&ROW(B5)) -> 1 | O21: =INDIRECT("'[CILA2_Validation_Files.xlsx]"&$A$2&"_"&$M$3&"_"&COLUMN(C$2)*100&"k_"&MID(CELL("filename",C4),FIND("]",CELL("filename",C4))+1,255)&"_"&$B$18&"'!H"&ROW(C5)) -> 1 | P21: =INDIRECT("'[CILA2_Validation_Files.xlsx]"&$A$2&"_"&$M$3&"_"&COLUMN(D$2)*100&"k_"&MID(CELL("filename",D4),FIND("]",CELL("filename",D4))+1,255)&"_"&$B$18&"'!H"&ROW(D5)) -> 1 | Q21: =INDIRECT("'[CILA2_Validation_Files.xlsx]"&$A$2&"_"&$M$3&"_"&COLUMN(E$2)*100&"k_"&MID(CELL("filename",E4),FIND("]",CELL("filename",E4))+1,255)&"_"&$B$18&"'!H"&ROW(E5)) -> 1 | R21: =INDIRECT("'[CILA2_Validation_Files.xlsx]"&$A$2&"_"&$R$3&"_"&COLUMN(A$2)*100&"k_"&MID(CELL("filename",A4),FIND("]",CELL("filename",A4))+1,255)&"_"&$B$18&"'!H"&ROW(A5)) -> 0 | S21: =INDIRECT("'[CILA2_Validation_Files.xlsx]"&$A$2&"_"&$R$3&"_"&COLUMN(B$2)*100&"k_"&MID(CELL("filename",B4),FIND("]",CELL("filename",B4))+1,255)&"_"&$B$18&"'!H"&ROW(B5)) -> 1 | T21: =INDIRECT("'[CILA2_Validation_Files.xlsx]"&$A$2&"_"&$R$3&"_"&COLUMN(C$2)*100&"k_"&MID(CELL("filename",C4),FIND("]",CELL("filename",C4))+1,255)&"_"&$B$18&"'!H"&ROW(C5)) -> 1 | U21: =INDIRECT("'[CILA2_Validation_Files.xlsx]"&$A$2&"_"&$R$3&"_"&COLUMN(D$2)*100&"k_"&MID(CELL("filename",D4),FIND("]",CELL("filename",D4))+1,255)&"_"&$B$18&"'!H"&ROW(D5)) -> 0 | V21: =INDIRECT("'[CILA2_Validation_Files.xlsx]"&$A$2&"_"&$R$3&"_"&COLUMN(E$2)*100&"k_"&MID(CELL("filename",E4),FIND("]",CELL("filename",E4))+1,255)&"_"&$B$18&"'!H"&ROW(E5)) -> 0 | W21: =INDIRECT("'[CILA2_Validation_Files.xlsx]"&$A$2&"_"&$W$3&"_"&COLUMN(A$2)*100&"k_"&MID(CELL("filename",A4),FIND("]",CELL("filename",A4))+1,255)&"_"&$B$18&"'!H"&ROW(A5)) -> 0 | X21: =INDIRECT("'[CILA2_Validation_Files.xlsx]"&$A$2&"_"&$W$3&"_"&COLUMN(B$2)*100&"k_"&MID(CELL("filename",B4),FIND("]",CELL("filename",B4))+1,255)&"_"&$B$18&"'!H"&ROW(B5)) -> 1 | Y21: =INDIRECT("'[CILA2_Validation_Files.xlsx]"&$A$2&"_"&$W$3&"_"&COLUMN(C$2)*100&"k_"&MID(CELL("filename",C4),FIND("]",CELL("filename",C4))+1,255)&"_"&$B$18&"'!H"&ROW(C5)) -> 1 | Z21: =INDIRECT("'[CILA2_Validation_Files.xlsx]"&$A$2&"_"&$W$3&"_"&COLUMN(D$2)*100&"k_"&MID(CELL("filename",D4),FIND("]",CELL("filename",D4))+1,255)&"_"&$B$18&"'!H"&ROW(D5)) -> 0 | AA21: =INDIRECT("'[CILA2_Validation_Files.xlsx]"&$A$2&"_"&$W$3&"_"&COLUMN(E$2)*100&"k_"&MID(CELL("filename",E4),FIND("]",CELL("filename",E4))+1,255)&"_"&$B$18&"'!H"&ROW(E5)) -> 0
A22: 17 | C22: =INDIRECT("'[CILA2_Validation_Files.xlsx]"&$A$2&"_"&$C$3&"_"&COLUMN(A$2)*100&"k_"&MID(CELL("filename",A5),FIND("]",CELL("filename",A5))+1,255)&"_"&$B$18&"'!H"&ROW(A6)) -> 1 | D22: =INDIRECT("'[CILA2_Validation_Files.xlsx]"&$A$2&"_"&$C$3&"_"&COLUMN(B$2)*100&"k_"&MID(CELL("filename",B5),FIND("]",CELL("filename",B5))+1,255)&"_"&$B$18&"'!H"&ROW(B6)) -> 1 | E22: =INDIRECT("'[CILA2_Validation_Files.xlsx]"&$A$2&"_"&$C$3&"_"&COLUMN(C$2)*100&"k_"&MID(CELL("filename",C5),FIND("]",CELL("filename",C5))+1,255)&"_"&$B$18&"'!H"&ROW(C6)) -> 1 | F22: =INDIRECT("'[CILA2_Validation_Files.xlsx]"&$A$2&"_"&$C$3&"_"&COLUMN(D$2)*100&"k_"&MID(CELL("filename",D5),FIND("]",CELL("filename",D5))+1,255)&"_"&$B$18&"'!H"&ROW(D6)) -> 1 | G22: =INDIRECT("'[CILA2_Validation_Files.xlsx]"&$A$2&"_"&$C$3&"_"&COLUMN(E$2)*100&"k_"&MID(CELL("filename",E5),FIND("]",CELL("filename",E5))+1,255)&"_"&$B$18&"'!H"&ROW(E6)) -> 1 | H22: =INDIRECT("'[CILA2_Validation_Files.xlsx]"&$A$2&"_"&$H$3&"_"&COLUMN(A$2)*100&"k_"&MID(CELL("filename",A5),FIND("]",CELL("filename",A5))+1,255)&"_"&$B$18&"'!H"&ROW(A6)) -> 0 | I22: =INDIRECT("'[CILA2_Validation_Files.xlsx]"&$A$2&"_"&$H$3&"_"&COLUMN(B$2)*100&"k_"&MID(CELL("filename",B5),FIND("]",CELL("filename",B5))+1,255)&"_"&$B$18&"'!H"&ROW(B6)) -> 0 | J22: =INDIRECT("'[CILA2_Validation_Files.xlsx]"&$A$2&"_"&$H$3&"_"&COLUMN(C$2)*100&"k_"&MID(CELL("filename",C5),FIND("]",CELL("filename",C5))+1,255)&"_"&$B$18&"'!H"&ROW(C6)) -> 1 | K22: =INDIRECT("'[CILA2_Validation_Files.xlsx]"&$A$2&"_"&$H$3&"_"&COLUMN(D$2)*100&"k_"&MID(CELL("filename",D5),FIND("]",CELL("filename",D5))+1,255)&"_"&$B$18&"'!H"&ROW(D6)) -> 1 | L22: =INDIRECT("'[CILA2_Validation_Files.xlsx]"&$A$2&"_"&$H$3&"_"&COLUMN(E$2)*100&"k_"&MID(CELL("filename",E5),FIND("]",CELL("filename",E5))+1,255)&"_"&$B$18&"'!H"&ROW(E6)) -> 0 | M22: =INDIRECT("'[CILA2_Validation_Files.xlsx]"&$A$2&"_"&$M$3&"_"&COLUMN(A$2)*100&"k_"&MID(CELL("filename",A5),FIND("]",CELL("filename",A5))+1,255)&"_"&$B$18&"'!H"&ROW(A6)) -> 1 | N22: =INDIRECT("'[CILA2_Validation_Files.xlsx]"&$A$2&"_"&$M$3&"_"&COLUMN(B$2)*100&"k_"&MID(CELL("filename",B5),FIND("]",CELL("filename",B5))+1,255)&"_"&$B$18&"'!H"&ROW(B6)) -> 1 | O22: =INDIRECT("'[CILA2_Validation_Files.xlsx]"&$A$2&"_"&$M$3&"_"&COLUMN(C$2)*100&"k_"&MID(CELL("filename",C5),FIND("]",CELL("filename",C5))+1,255)&"_"&$B$18&"'!H"&ROW(C6)) -> 1 | P22: =INDIRECT("'[CILA2_Validation_Files.xlsx]"&$A$2&"_"&$M$3&"_"&COLUMN(D$2)*100&"k_"&MID(CELL("filename",D5),FIND("]",CELL("filename",D5))+1,255)&"_"&$B$18&"'!H"&ROW(D6)) -> 1 | Q22: =INDIRECT("'[CILA2_Validation_Files.xlsx]"&$A$2&"_"&$M$3&"_"&COLUMN(E$2)*100&"k_"&MID(CELL("filename",E5),FIND("]",CELL("filename",E5))+1,255)&"_"&$B$18&"'!H"&ROW(E6)) -> 1 | R22: =INDIRECT("'[CILA2_Validation_Files.xlsx]"&$A$2&"_"&$R$3&"_"&COLUMN(A$2)*100&"k_"&MID(CELL("filename",A5),FIND("]",CELL("filename",A5))+1,255)&"_"&$B$18&"'!H"&ROW(A6)) -> 0 | S22: =INDIRECT("'[CILA2_Validation_Files.xlsx]"&$A$2&"_"&$R$3&"_"&COLUMN(B$2)*100&"k_"&MID(CELL("filename",B5),FIND("]",CELL("filename",B5))+1,255)&"_"&$B$18&"'!H"&ROW(B6)) -> 0 | T22: =INDIRECT("'[CILA2_Validation_Files.xlsx]"&$A$2&"_"&$R$3&"_"&COLUMN(C$2)*100&"k_"&MID(CELL("filename",C5),FIND("]",CELL("filename",C5))+1,255)&"_"&$B$18&"'!H"&ROW(C6)) -> 0 | U22: =INDIRECT("'[CILA2_Validation_Files.xlsx]"&$A$2&"_"&$R$3&"_"&COLUMN(D$2)*100&"k_"&MID(CELL("filename",D5),FIND("]",CELL("filename",D5))+1,255)&"_"&$B$18&"'!H"&ROW(D6)) -> 1 | V22: =INDIRECT("'[CILA2_Validation_Files.xlsx]"&$A$2&"_"&$R$3&"_"&COLUMN(E$2)*100&"k_"&MID(CELL("filename",E5),FIND("]",CELL("filename",E5))+1,255)&"_"&$B$18&"'!H"&ROW(E6)) -> 1 | W22: =INDIRECT("'[CILA2_Validation_Files.xlsx]"&$A$2&"_"&$W$3&"_"&COLUMN(A$2)*100&"k_"&MID(CELL("filename",A5),FIND("]",CELL("filename",A5))+1,255)&"_"&$B$18&"'!H"&ROW(A6)) -> 0 | X22: =INDIRECT("'[CILA2_Validation_Files.xlsx]"&$A$2&"_"&$W$3&"_"&COLUMN(B$2)*100&"k_"&MID(CELL("filename",B5),FIND("]",CELL("filename",B5))+1,255)&"_"&$B$18&"'!H"&ROW(B6)) -> 1 | Y22: =INDIRECT("'[CILA2_Validation_Files.xlsx]"&$A$2&"_"&$W$3&"_"&COLUMN(C$2)*100&"k_"&MID(CELL("filename",C5),FIND("]",CELL("filename",C5))+1,255)&"_"&$B$18&"'!H"&ROW(C6)) -> 0 | Z22: =INDIRECT("'[CILA2_Validation_Files.xlsx]"&$A$2&"_"&$W$3&"_"&COLUMN(D$2)*100&"k_"&MID(CELL("filename",D5),FIND("]",CELL("filename",D5))+1,255)&"_"&$B$18&"'!H"&ROW(D6)) -> 1 | AA22: =INDIRECT("'[CILA2_Validation_Files.xlsx]"&$A$2&"_"&$W$3&"_"&COLUMN(E$2)*100&"k_"&MID(CELL("filename",E5),FIND("]",CELL("filename",E5))+1,255)&"_"&$B$18&"'!H"&ROW(E6)) -> 0
A23: 18 | C23: =INDIRECT("'[CILA2_Validation_Files.xlsx]"&$A$2&"_"&$C$3&"_"&COLUMN(A$2)*100&"k_"&MID(CELL("filename",A6),FIND("]",CELL("filename",A6))+1,255)&"_"&$B$18&"'!H"&ROW(A7)) -> 0 | D23: =INDIRECT("'[CILA2_Validation_Files.xlsx]"&$A$2&"_"&$C$3&"_"&COLUMN(B$2)*100&"k_"&MID(CELL("filename",B6),FIND("]",CELL("filename",B6))+1,255)&"_"&$B$18&"'!H"&ROW(B7)) -> 1 | E23: =INDIRECT("'[CILA2_Validation_Files.xlsx]"&$A$2&"_"&$C$3&"_"&COLUMN(C$2)*100&"k_"&MID(CELL("filename",C6),FIND("]",CELL("filename",C6))+1,255)&"_"&$B$18&"'!H"&ROW(C7)) -> 1 | F23: =INDIRECT("'[CILA2_Validation_Files.xlsx]"&$A$2&"_"&$C$3&"_"&COLUMN(D$2)*100&"k_"&MID(CELL("filename",D6),FIND("]",CELL("filename",D6))+1,255)&"_"&$B$18&"'!H"&ROW(D7)) -> 1 | G23: =INDIRECT("'[CILA2_Validation_Files.xlsx]"&$A$2&"_"&$C$3&"_"&COLUMN(E$2)*100&"k_"&MID(CELL("filename",E6),FIND("]",CELL("filename",E6))+1,255)&"_"&$B$18&"'!H"&ROW(E7)) -> 1 | H23: =INDIRECT("'[CILA2_Validation_Files.xlsx]"&$A$2&"_"&$H$3&"_"&COLUMN(A$2)*100&"k_"&MID(CELL("filename",A6),FIND("]",CELL("filename",A6))+1,255)&"_"&$B$18&"'!H"&ROW(A7)) -> 1 | I23: =INDIRECT("'[CILA2_Validation_Files.xlsx]"&$A$2&"_"&$H$3&"_"&COLUMN(B$2)*100&"k_"&MID(CELL("filename",B6),FIND("]",CELL("filename",B6))+1,255)&"_"&$B$18&"'!H"&ROW(B7)) -> 0 | J23: =INDIRECT("'[CILA2_Validation_Files.xlsx]"&$A$2&"_"&$H$3&"_"&COLUMN(C$2)*100&"k_"&MID(CELL("filename",C6),FIND("]",CELL("filename",C6))+1,255)&"_"&$B$18&"'!H"&ROW(C7)) -> 0 | K23: =INDIRECT("'[CILA2_Validation_Files.xlsx]"&$A$2&"_"&$H$3&"_"&COLUMN(D$2)*100&"k_"&MID(CELL("filename",D6),FIND("]",CELL("filename",D6))+1,255)&"_"&$B$18&"'!H"&ROW(D7)) -> 1 | L23: =INDIRECT("'[CILA2_Validation_Files.xlsx]"&$A$2&"_"&$H$3&"_"&COLUMN(E$2)*100&"k_"&MID(CELL("filename",E6),FIND("]",CELL("filename",E6))+1,255)&"_"&$B$18&"'!H"&ROW(E7)) -> 1 | M23: =INDIRECT("'[CILA2_Validation_Files.xlsx]"&$A$2&"_"&$M$3&"_"&COLUMN(A$2)*100&"k_"&MID(CELL("filename",A6),FIND("]",CELL("filename",A6))+1,255)&"_"&$B$18&"'!H"&ROW(A7)) -> 0 | N23: =INDIRECT("'[CILA2_Validation_Files.xlsx]"&$A$2&"_"&$M$3&"_"&COLUMN(B$2)*100&"k_"&MID(CELL("filename",B6),FIND("]",CELL("filename",B6))+1,255)&"_"&$B$18&"'!H"&ROW(B7)) -> 1 | O23: =INDIRECT("'[CILA2_Validation_Files.xlsx]"&$A$2&"_"&$M$3&"_"&COLUMN(C$2)*100&"k_"&MID(CELL("filename",C6),FIND("]",CELL("filename",C6))+1,255)&"_"&$B$18&"'!H"&ROW(C7)) -> 1 | P23: =INDIRECT("'[CILA2_Validation_Files.xlsx]"&$A$2&"_"&$M$3&"_"&COLUMN(D$2)*100&"k_"&MID(CELL("filename",D6),FIND("]",CELL("filename",D6))+1,255)&"_"&$B$18&"'!H"&ROW(D7)) -> 1 | Q23: =INDIRECT("'[CILA2_Validation_Files.xlsx]"&$A$2&"_"&$M$3&"_"&COLUMN(E$2)*100&"k_"&MID(CELL("filename",E6),FIND("]",CELL("filename",E6))+1,255)&"_"&$B$18&"'!H"&ROW(E7)) -> 1 | R23: =INDIRECT("'[CILA2_Validation_Files.xlsx]"&$A$2&"_"&$R$3&"_"&COLUMN(A$2)*100&"k_"&MID(CELL("filename",A6),FIND("]",CELL("filename",A6))+1,255)&"_"&$B$18&"'!H"&ROW(A7)) -> 1 | S23: =INDIRECT("'[CILA2_Validation_Files.xlsx]"&$A$2&"_"&$R$3&"_"&COLUMN(B$2)*100&"k_"&MID(CELL("filename",B6),FIND("]",CELL("filename",B6))+1,255)&"_"&$B$18&"'!H"&ROW(B7)) -> 1 | T23: =INDIRECT("'[CILA2_Validation_Files.xlsx]"&$A$2&"_"&$R$3&"_"&COLUMN(C$2)*100&"k_"&MID(CELL("filename",C6),FIND("]",CELL("filename",C6))+1,255)&"_"&$B$18&"'!H"&ROW(C7)) -> 0 | U23: =INDIRECT("'[CILA2_Validation_Files.xlsx]"&$A$2&"_"&$R$3&"_"&COLUMN(D$2)*100&"k_"&MID(CELL("filename",D6),FIND("]",CELL("filename",D6))+1,255)&"_"&$B$18&"'!H"&ROW(D7)) -> 1 | V23: =INDIRECT("'[CILA2_Validation_Files.xlsx]"&$A$2&"_"&$R$3&"_"&COLUMN(E$2)*100&"k_"&MID(CELL("filename",E6),FIND("]",CELL("filename",E6))+1,255)&"_"&$B$18&"'!H"&ROW(E7)) -> 1 | W23: =INDIRECT("'[CILA2_Validation_Files.xlsx]"&$A$2&"_"&$W$3&"_"&COLUMN(A$2)*100&"k_"&MID(CELL("filename",A6),FIND("]",CELL("filename",A6))+1,255)&"_"&$B$18&"'!H"&ROW(A7)) -> 1 | X23: =INDIRECT("'[CILA2_Validation_Files.xlsx]"&$A$2&"_"&$W$3&"_"&COLUMN(B$2)*100&"k_"&MID(CELL("filename",B6),FIND("]",CELL("filename",B6))+1,255)&"_"&$B$18&"'!H"&ROW(B7)) -> 1 | Y23: =INDIRECT("'[CILA2_Validation_Files.xlsx]"&$A$2&"_"&$W$3&"_"&COLUMN(C$2)*100&"k_"&MID(CELL("filename",C6),FIND("]",CELL("filename",C6))+1,255)&"_"&$B$18&"'!H"&ROW(C7)) -> 1 | Z23: =INDIRECT("'[CILA2_Validation_Files.xlsx]"&$A$2&"_"&$W$3&"_"&COLUMN(D$2)*100&"k_"&MID(CELL("filename",D6),FIND("]",CELL("filename",D6))+1,255)&"_"&$B$18&"'!H"&ROW(D7)) -> 1 | AA23: =INDIRECT("'[CILA2_Validation_Files.xlsx]"&$A$2&"_"&$W$3&"_"&COLUMN(E$2)*100&"k_"&MID(CELL("filename",E6),FIND("]",CELL("filename",E6))+1,255)&"_"&$B$18&"'!H"&ROW(E7)) -> 0
A24: 19 | B24: nav_dynami | C24: =INDIRECT("'[CILA2_Validation_Files.xlsx]"&$A$2&"_"&$C$3&"_"&COLUMN(A$2)*100&"k_"&MID(CELL("filename",A1),FIND("]",CELL("filename",A1))+1,255)&"_"&$B$24&"'!H"&ROW(A2)) -> 0 | D24: =INDIRECT("'[CILA2_Validation_Files.xlsx]"&$A$2&"_"&$C$3&"_"&COLUMN(B$2)*100&"k_"&MID(CELL("filename",B1),FIND("]",CELL("filename",B1))+1,255)&"_"&$B$24&"'!H"&ROW(B2)) -> 1 | E24: =INDIRECT("'[CILA2_Validation_Files.xlsx]"&$A$2&"_"&$C$3&"_"&COLUMN(C$2)*100&"k_"&MID(CELL("filename",C1),FIND("]",CELL("filename",C1))+1,255)&"_"&$B$24&"'!H"&ROW(C2)) -> 0 | F24: =INDIRECT("'[CILA2_Validation_Files.xlsx]"&$A$2&"_"&$C$3&"_"&COLUMN(D$2)*100&"k_"&MID(CELL("filename",D1),FIND("]",CELL("filename",D1))+1,255)&"_"&$B$24&"'!H"&ROW(D2)) -> 0 | G24: =INDIRECT("'[CILA2_Validation_Files.xlsx]"&$A$2&"_"&$C$3&"_"&COLUMN(E$2)*100&"k_"&MID(CELL("filename",E1),FIND("]",CELL("filename",E1))+1,255)&"_"&$B$24&"'!H"&ROW(E2)) -> 1 | H24: =INDIRECT("'[CILA2_Validation_Files.xlsx]"&$A$2&"_"&$H$3&"_"&COLUMN(A$2)*100&"k_"&MID(CELL("filename",A1),FIND("]",CELL("filename",A1))+1,255)&"_"&$B$24&"'!H"&ROW(A2)) -> 0 | I24: =INDIRECT("'[CILA2_Validation_Files.xlsx]"&$A$2&"_"&$H$3&"_"&COLUMN(B$2)*100&"k_"&MID(CELL("filename",B1),FIND("]",CELL("filename",B1))+1,255)&"_"&$B$24&"'!H"&ROW(B2)) -> 0 | J24: =INDIRECT("'[CILA2_Validation_Files.xlsx]"&$A$2&"_"&$H$3&"_"&COLUMN(C$2)*100&"k_"&MID(CELL("filename",C1),FIND("]",CELL("filename",C1))+1,255)&"_"&$B$24&"'!H"&ROW(C2)) -> 0 | K24: =INDIRECT("'[CILA2_Validation_Files.xlsx]"&$A$2&"_"&$H$3&"_"&COLUMN(D$2)*100&"k_"&MID(CELL("filename",D1),FIND("]",CELL("filename",D1))+1,255)&"_"&$B$24&"'!H"&ROW(D2)) -> 1 | L24: =INDIRECT("'[CILA2_Validation_Files.xlsx]"&$A$2&"_"&$H$3&"_"&COLUMN(E$2)*100&"k_"&MID(CELL("filename",E1),FIND("]",CELL("filename",E1))+1,255)&"_"&$B$24&"'!H"&ROW(E2)) -> 1 | M24: =INDIRECT("'[CILA2_Validation_Files.xlsx]"&$A$2&"_"&$M$3&"_"&COLUMN(A$2)*100&"k_"&MID(CELL("filename",A1),FIND("]",CELL("filename",A1))+1,255)&"_"&$B$24&"'!H"&ROW(A2)) -> 1 | N24: =INDIRECT("'[CILA2_Validation_Files.xlsx]"&$A$2&"_"&$M$3&"_"&COLUMN(B$2)*100&"k_"&MID(CELL("filename",B1),FIND("]",CELL("filename",B1))+1,255)&"_"&$B$24&"'!H"&ROW(B2)) -> 0 | O24: =INDIRECT("'[CILA2_Validation_Files.xlsx]"&$A$2&"_"&$M$3&"_"&COLUMN(C$2)*100&"k_"&MID(CELL("filename",C1),FIND("]",CELL("filename",C1))+1,255)&"_"&$B$24&"'!H"&ROW(C2)) -> 1 | P24: =INDIRECT("'[CILA2_Validation_Files.xlsx]"&$A$2&"_"&$M$3&"_"&COLUMN(D$2)*100&"k_"&MID(CELL("filename",D1),FIND("]",CELL("filename",D1))+1,255)&"_"&$B$24&"'!H"&ROW(D2)) -> 0 | Q24: =INDIRECT("'[CILA2_Validation_Files.xlsx]"&$A$2&"_"&$M$3&"_"&COLUMN(E$2)*100&"k_"&MID(CELL("filename",E1),FIND("]",CELL("filename",E1))+1,255)&"_"&$B$24&"'!H"&ROW(E2)) -> 0 | R24: =INDIRECT("'[CILA2_Validation_Files.xlsx]"&$A$2&"_"&$R$3&"_"&COLUMN(A$2)*100&"k_"&MID(CELL("filename",A1),FIND("]",CELL("filename",A1))+1,255)&"_"&$B$24&"'!H"&ROW(A2)) -> 1 | S24: =INDIRECT("'[CILA2_Validation_Files.xlsx]"&$A$2&"_"&$R$3&"_"&COLUMN(B$2)*100&"k_"&MID(CELL("filename",B1),FIND("]",CELL("filename",B1))+1,255)&"_"&$B$24&"'!H"&ROW(B2)) -> 0 | T24: =INDIRECT("'[CILA2_Validation_Files.xlsx]"&$A$2&"_"&$R$3&"_"&COLUMN(C$2)*100&"k_"&MID(CELL("filename",C1),FIND("]",CELL("filename",C1))+1,255)&"_"&$B$24&"'!H"&ROW(C2)) -> 0 | U24: =INDIRECT("'[CILA2_Validation_Files.xlsx]"&$A$2&"_"&$R$3&"_"&COLUMN(D$2)*100&"k_"&MID(CELL("filename",D1),FIND("]",CELL("filename",D1))+1,255)&"_"&$B$24&"'!H"&ROW(D2)) -> 0 | V24: =INDIRECT("'[CILA2_Validation_Files.xlsx]"&$A$2&"_"&$R$3&"_"&COLUMN(E$2)*100&"k_"&MID(CELL("filename",E1),FIND("]",CELL("filename",E1))+1,255)&"_"&$B$24&"'!H"&ROW(E2)) -> 1 | W24: =INDIRECT("'[CILA2_Validation_Files.xlsx]"&$A$2&"_"&$W$3&"_"&COLUMN(A$2)*100&"k_"&MID(CELL("filename",A1),FIND("]",CELL("filename",A1))+1,255)&"_"&$B$24&"'!H"&ROW(A2)) -> 0 | X24: =INDIRECT("'[CILA2_Validation_Files.xlsx]"&$A$2&"_"&$W$3&"_"&COLUMN(B$2)*100&"k_"&MID(CELL("filename",B1),FIND("]",CELL("filename",B1))+1,255)&"_"&$B$24&"'!H"&ROW(B2)) -> 0 | Y24: =INDIRECT("'[CILA2_Validation_Files.xlsx]"&$A$2&"_"&$W$3&"_"&COLUMN(C$2)*100&"k_"&MID(CELL("filename",C1),FIND("]",CELL("filename",C1))+1,255)&"_"&$B$24&"'!H"&ROW(C2)) -> 0 | Z24: =INDIRECT("'[CILA2_Validation_Files.xlsx]"&$A$2&"_"&$W$3&"_"&COLUMN(D$2)*100&"k_"&MID(CELL("filename",D1),FIND("]",CELL("filename",D1))+1,255)&"_"&$B$24&"'!H"&ROW(D2)) -> 1 | AA24: =INDIRECT("'[CILA2_Validation_Files.xlsx]"&$A$2&"_"&$W$3&"_"&COLUMN(E$2)*100&"k_"&MID(CELL("filename",E1),FIND("]",CELL("filename",E1))+1,255)&"_"&$B$24&"'!H"&ROW(E2)) -> 0 | AB24: =AVERAGE(C24:AA30) -> 0.37714286
A25: 20 | C25: =INDIRECT("'[CILA2_Validation_Files.xlsx]"&$A$2&"_"&$C$3&"_"&COLUMN(A$2)*100&"k_"&MID(CELL("filename",A2),FIND("]",CELL("filename",A2))+1,255)&"_"&$B$24&"'!H"&ROW(A3)) -> 0 | D25: =INDIRECT("'[CILA2_Validation_Files.xlsx]"&$A$2&"_"&$C$3&"_"&COLUMN(B$2)*100&"k_"&MID(CELL("filename",B2),FIND("]",CELL("filename",B2))+1,255)&"_"&$B$24&"'!H"&ROW(B3)) -> 0 | E25: =INDIRECT("'[CILA2_Validation_Files.xlsx]"&$A$2&"_"&$C$3&"_"&COLUMN(C$2)*100&"k_"&MID(CELL("filename",C2),FIND("]",CELL("filename",C2))+1,255)&"_"&$B$24&"'!H"&ROW(C3)) -> 0 | F25: =INDIRECT("'[CILA2_Validation_Files.xlsx]"&$A$2&"_"&$C$3&"_"&COLUMN(D$2)*100&"k_"&MID(CELL("filename",D2),FIND("]",CELL("filename",D2))+1,255)&"_"&$B$24&"'!H"&ROW(D3)) -> 0 | G25: =INDIRECT("'[CILA2_Validation_Files.xlsx]"&$A$2&"_"&$C$3&"_"&COLUMN(E$2)*100&"k_"&MID(CELL("filename",E2),FIND("]",CELL("filename",E2))+1,255)&"_"&$B$24&"'!H"&ROW(E3)) -> 1 | H25: =INDIRECT("'[CILA2_Validation_Files.xlsx]"&$A$2&"_"&$H$3&"_"&COLUMN(A$2)*100&"k_"&MID(CELL("filename",A2),FIND("]",CELL("filename",A2))+1,255)&"_"&$B$24&"'!H"&ROW(A3)) -> 0 | I25: =INDIRECT("'[CILA2_Validation_Files.xlsx]"&$A$2&"_"&$H$3&"_"&COLUMN(B$2)*100&"k_"&MID(CELL("filename",B2),FIND("]",CELL("filename",B2))+1,255)&"_"&$B$24&"'!H"&ROW(B3)) -> 0 | J25: =INDIRECT("'[CILA2_Validation_Files.xlsx]"&$A$2&"_"&$H$3&"_"&COLUMN(C$2)*100&"k_"&MID(CELL("filename",C2),FIND("]",CELL("filename",C2))+1,255)&"_"&$B$24&"'!H"&ROW(C3)) -> 1 | K25: =INDIRECT("'[CILA2_Validation_Files.xlsx]"&$A$2&"_"&$H$3&"_"&COLUMN(D$2)*100&"k_"&MID(CELL("filename",D2),FIND("]",CELL("filename",D2))+1,255)&"_"&$B$24&"'!H"&ROW(D3)) -> 0 | L25: =INDIRECT("'[CILA2_Validation_Files.xlsx]"&$A$2&"_"&$H$3&"_"&COLUMN(E$2)*100&"k_"&MID(CELL("filename",E2),FIND("]",CELL("filename",E2))+1,255)&"_"&$B$24&"'!H"&ROW(E3)) -> 0 | M25: =INDIRECT("'[CILA2_Validation_Files.xlsx]"&$A$2&"_"&$M$3&"_"&COLUMN(A$2)*100&"k_"&MID(CELL("filename",A2),FIND("]",CELL("filename",A2))+1,255)&"_"&$B$24&"'!H"&ROW(A3)) -> 0 | N25: =INDIRECT("'[CILA2_Validation_Files.xlsx]"&$A$2&"_"&$M$3&"_"&COLUMN(B$2)*100&"k_"&MID(CELL("filename",B2),FIND("]",CELL("filename",B2))+1,255)&"_"&$B$24&"'!H"&ROW(B3)) -> 0 | O25: =INDIRECT("'[CILA2_Validation_Files.xlsx]"&$A$2&"_"&$M$3&"_"&COLUMN(C$2)*100&"k_"&MID(CELL("filename",C2),FIND("]",CELL("filename",C2))+1,255)&"_"&$B$24&"'!H"&ROW(C3)) -> 0 | P25: =INDIRECT("'[CILA2_Validation_Files.xlsx]"&$A$2&"_"&$M$3&"_"&COLUMN(D$2)*100&"k_"&MID(CELL("filename",D2),FIND("]",CELL("filename",D2))+1,255)&"_"&$B$24&"'!H"&ROW(D3)) -> 0 | Q25: =INDIRECT("'[CILA2_Validation_Files.xlsx]"&$A$2&"_"&$M$3&"_"&COLUMN(E$2)*100&"k_"&MID(CELL("filename",E2),FIND("]",CELL("filename",E2))+1,255)&"_"&$B$24&"'!H"&ROW(E3)) -> 1 | R25: =INDIRECT("'[CILA2_Validation_Files.xlsx]"&$A$2&"_"&$R$3&"_"&COLUMN(A$2)*100&"k_"&MID(CELL("filename",A2),FIND("]",CELL("filename",A2))+1,255)&"_"&$B$24&"'!H"&ROW(A3)) -> 1 | S25: =INDIRECT("'[CILA2_Validation_Files.xlsx]"&$A$2&"_"&$R$3&"_"&COLUMN(B$2)*100&"k_"&MID(CELL("filename",B2),FIND("]",CELL("filename",B2))+1,255)&"_"&$B$24&"'!H"&ROW(B3)) -> 0 | T25: =INDIRECT("'[CILA2_Validation_Files.xlsx]"&$A$2&"_"&$R$3&"_"&COLUMN(C$2)*100&"k_"&MID(CELL("filename",C2),FIND("]",CELL("filename",C2))+1,255)&"_"&$B$24&"'!H"&ROW(C3)) -> 0 | U25: =INDIRECT("'[CILA2_Validation_Files.xlsx]"&$A$2&"_"&$R$3&"_"&COLUMN(D$2)*100&"k_"&MID(CELL("filename",D2),FIND("]",CELL("filename",D2))+1,255)&"_"&$B$24&"'!H"&ROW(D3)) -> 0 | V25: =INDIRECT("'[CILA2_Validation_Files.xlsx]"&$A$2&"_"&$R$3&"_"&COLUMN(E$2)*100&"k_"&MID(CELL("filename",E2),FIND("]",CELL("filename",E2))+1,255)&"_"&$B$24&"'!H"&ROW(E3)) -> 1 | W25: =INDIRECT("'[CILA2_Validation_Files.xlsx]"&$A$2&"_"&$W$3&"_"&COLUMN(A$2)*100&"k_"&MID(CELL("filename",A2),FIND("]",CELL("filename",A2))+1,255)&"_"&$B$24&"'!H"&ROW(A3)) -> 1 | X25: =INDIRECT("'[CILA2_Validation_Files.xlsx]"&$A$2&"_"&$W$3&"_"&COLUMN(B$2)*100&"k_"&MID(CELL("filename",B2),FIND("]",CELL("filename",B2))+1,255)&"_"&$B$24&"'!H"&ROW(B3)) -> 0 | Y25: =INDIRECT("'[CILA2_Validation_Files.xlsx]"&$A$2&"_"&$W$3&"_"&COLUMN(C$2)*100&"k_"&MID(CELL("filename",C2),FIND("]",CELL("filename",C2))+1,255)&"_"&$B$24&"'!H"&ROW(C3)) -> 0 | Z25: =INDIRECT("'[CILA2_Validation_Files.xlsx]"&$A$2&"_"&$W$3&"_"&COLUMN(D$2)*100&"k_"&MID(CELL("filename",D2),FIND("]",CELL("filename",D2))+1,255)&"_"&$B$24&"'!H"&ROW(D3)) -> 0 | AA25: =INDIRECT("'[CILA2_Validation_Files.xlsx]"&$A$2&"_"&$W$3&"_"&COLUMN(E$2)*100&"k_"&MID(CELL("filename",E2),FIND("]",CELL("filename",E2))+1,255)&"_"&$B$24&"'!H"&ROW(E3)) -> 0
A26: 21 | C26: =INDIRECT("'[CILA2_Validation_Files.xlsx]"&$A$2&"_"&$C$3&"_"&COLUMN(A$2)*100&"k_"&MID(CELL("filename",A3),FIND("]",CELL("filename",A3))+1,255)&"_"&$B$24&"'!H"&ROW(A4)) -> 0 | D26: =INDIRECT("'[CILA2_Validation_Files.xlsx]"&$A$2&"_"&$C$3&"_"&COLUMN(B$2)*100&"k_"&MID(CELL("filename",B3),FIND("]",CELL("filename",B3))+1,255)&"_"&$B$24&"'!H"&ROW(B4)) -> 0 | E26: =INDIRECT("'[CILA2_Validation_Files.xlsx]"&$A$2&"_"&$C$3&"_"&COLUMN(C$2)*100&"k_"&MID(CELL("filename",C3),FIND("]",CELL("filename",C3))+1,255)&"_"&$B$24&"'!H"&ROW(C4)) -> 1 | F26: =INDIRECT("'[CILA2_Validation_Files.xlsx]"&$A$2&"_"&$C$3&"_"&COLUMN(D$2)*100&"k_"&MID(CELL("filename",D3),FIND("]",CELL("filename",D3))+1,255)&"_"&$B$24&"'!H"&ROW(D4)) -> 0 | G26: =INDIRECT("'[CILA2_Validation_Files.xlsx]"&$A$2&"_"&$C$3&"_"&COLUMN(E$2)*100&"k_"&MID(CELL("filename",E3),FIND("]",CELL("filename",E3))+1,255)&"_"&$B$24&"'!H"&ROW(E4)) -> 1 | H26: =INDIRECT("'[CILA2_Validation_Files.xlsx]"&$A$2&"_"&$H$3&"_"&COLUMN(A$2)*100&"k_"&MID(CELL("filename",A3),FIND("]",CELL("filename",A3))+1,255)&"_"&$B$24&"'!H"&ROW(A4)) -> 0 | I26: =INDIRECT("'[CILA2_Validation_Files.xlsx]"&$A$2&"_"&$H$3&"_"&COLUMN(B$2)*100&"k_"&MID(CELL("filename",B3),FIND("]",CELL("filename",B3))+1,255)&"_"&$B$24&"'!H"&ROW(B4)) -> 0 | J26: =INDIRECT("'[CILA2_Validation_Files.xlsx]"&$A$2&"_"&$H$3&"_"&COLUMN(C$2)*100&"k_"&MID(CELL("filename",C3),FIND("]",CELL("filename",C3))+1,255)&"_"&$B$24&"'!H"&ROW(C4)) -> 1 | K26: =INDIRECT("'[CILA2_Validation_Files.xlsx]"&$A$2&"_"&$H$3&"_"&COLUMN(D$2)*100&"k_"&MID(CELL("filename",D3),FIND("]",CELL("filename",D3))+1,255)&"_"&$B$24&"'!H"&ROW(D4)) -> 0 | L26: =INDIRECT("'[CILA2_Validation_Files.xlsx]"&$A$2&"_"&$H$3&"_"&COLUMN(E$2)*100&"k_"&MID(CELL("filename",E3),FIND("]",CELL("filename",E3))+1,255)&"_"&$B$24&"'!H"&ROW(E4)) -> 1 | M26: =INDIRECT("'[CILA2_Validation_Files.xlsx]"&$A$2&"_"&$M$3&"_"&COLUMN(A$2)*100&"k_"&MID(CELL("filename",A3),FIND("]",CELL("filename",A3))+1,255)&"_"&$B$24&"'!H"&ROW(A4)) -> 1 | N26: =INDIRECT("'[CILA2_Validation_Files.xlsx]"&$A$2&"_"&$M$3&"_"&COLUMN(B$2)*100&"k_"&MID(CELL("filename",B3),FIND("]",CELL("filename",B3))+1,255)&"_"&$B$24&"'!H"&ROW(B4)) -> 0 | O26: =INDIRECT("'[CILA2_Validation_Files.xlsx]"&$A$2&"_"&$M$3&"_"&COLUMN(C$2)*100&"k_"&MID(CELL("filename",C3),FIND("]",CELL("filename",C3))+1,255)&"_"&$B$24&"'!H"&ROW(C4)) -> 0 | P26: =INDIRECT("'[CILA2_Validation_Files.xlsx]"&$A$2&"_"&$M$3&"_"&COLUMN(D$2)*100&"k_"&MID(CELL("filename",D3),FIND("]",CELL("filename",D3))+1,255)&"_"&$B$24&"'!H"&ROW(D4)) -> 0 | Q26: =INDIRECT("'[CILA2_Validation_Files.xlsx]"&$A$2&"_"&$M$3&"_"&COLUMN(E$2)*100&"k_"&MID(CELL("filename",E3),FIND("]",CELL("filename",E3))+1,255)&"_"&$B$24&"'!H"&ROW(E4)) -> 1 | R26: =INDIRECT("'[CILA2_Validation_Files.xlsx]"&$A$2&"_"&$R$3&"_"&COLUMN(A$2)*100&"k_"&MID(CELL("filename",A3),FIND("]",CELL("filename",A3))+1,255)&"_"&$B$24&"'!H"&ROW(A4)) -> 1 | S26: =INDIRECT("'[CILA2_Validation_Files.xlsx]"&$A$2&"_"&$R$3&"_"&COLUMN(B$2)*100&"k_"&MID(CELL("filename",B3),FIND("]",CELL("filename",B3))+1,255)&"_"&$B$24&"'!H"&ROW(B4)) -> 1 | T26: =INDIRECT("'[CILA2_Validation_Files.xlsx]"&$A$2&"_"&$R$3&"_"&COLUMN(C$2)*100&"k_"&MID(CELL("filename",C3),FIND("]",CELL("filename",C3))+1,255)&"_"&$B$24&"'!H"&ROW(C4)) -> 0 | U26: =INDIRECT("'[CILA2_Validation_Files.xlsx]"&$A$2&"_"&$R$3&"_"&COLUMN(D$2)*100&"k_"&MID(CELL("filename",D3),FIND("]",CELL("filename",D3))+1,255)&"_"&$B$24&"'!H"&ROW(D4)) -> 0 | V26: =INDIRECT("'[CILA2_Validation_Files.xlsx]"&$A$2&"_"&$R$3&"_"&COLUMN(E$2)*100&"k_"&MID(CELL("filename",E3),FIND("]",CELL("filename",E3))+1,255)&"_"&$B$24&"'!H"&ROW(E4)) -> 1 | W26: =INDIRECT("'[CILA2_Validation_Files.xlsx]"&$A$2&"_"&$W$3&"_"&COLUMN(A$2)*100&"k_"&MID(CELL("filename",A3),FIND("]",CELL("filename",A3))+1,255)&"_"&$B$24&"'!H"&ROW(A4)) -> 0 | X26: =INDIRECT("'[CILA2_Validation_Files.xlsx]"&$A$2&"_"&$W$3&"_"&COLUMN(B$2)*100&"k_"&MID(CELL("filename",B3),FIND("]",CELL("filename",B3))+1,255)&"_"&$B$24&"'!H"&ROW(B4)) -> 0 | Y26: =INDIRECT("'[CILA2_Validation_Files.xlsx]"&$A$2&"_"&$W$3&"_"&COLUMN(C$2)*100&"k_"&MID(CELL("filename",C3),FIND("]",CELL("filename",C3))+1,255)&"_"&$B$24&"'!H"&ROW(C4)) -> 0 | Z26: =INDIRECT("'[CILA2_Validation_Files.xlsx]"&$A$2&"_"&$W$3&"_"&COLUMN(D$2)*100&"k_"&MID(CELL("filename",D3),FIND("]",CELL("filename",D3))+1,255)&"_"&$B$24&"'!H"&ROW(D4)) -> 1 | AA26: =INDIRECT("'[CILA2_Validation_Files.xlsx]"&$A$2&"_"&$W$3&"_"&COLUMN(E$2)*100&"k_"&MID(CELL("filename",E3),FIND("]",CELL("filename",E3))+1,255)&"_"&$B$24&"'!H"&ROW(E4)) -> 0
A27: 22 | C27: =INDIRECT("'[CILA2_Validation_Files.xlsx]"&$A$2&"_"&$C$3&"_"&COLUMN(A$2)*100&"k_"&MID(CELL("filename",A4),FIND("]",CELL("filename",A4))+1,255)&"_"&$B$24&"'!H"&ROW(A5)) -> 0 | D27: =INDIRECT("'[CILA2_Validation_Files.xlsx]"&$A$2&"_"&$C$3&"_"&COLUMN(B$2)*100&"k_"&MID(CELL("filename",B4),FIND("]",CELL("filename",B4))+1,255)&"_"&$B$24&"'!H"&ROW(B5)) -> 0 | E27: =INDIRECT("'[CILA2_Validation_Files.xlsx]"&$A$2&"_"&$C$3&"_"&COLUMN(C$2)*100&"k_"&MID(CELL("filename",C4),FIND("]",CELL("filename",C4))+1,255)&"_"&$B$24&"'!H"&ROW(C5)) -> 0 | F27: =INDIRECT("'[CILA2_Validation_Files.xlsx]"&$A$2&"_"&$C$3&"_"&COLUMN(D$2)*100&"k_"&MID(CELL("filename",D4),FIND("]",CELL("filename",D4))+1,255)&"_"&$B$24&"'!H"&ROW(D5)) -> 1 | G27: =INDIRECT("'[CILA2_Validation_Files.xlsx]"&$A$2&"_"&$C$3&"_"&COLUMN(E$2)*100&"k_"&MID(CELL("filename",E4),FIND("]",CELL("filename",E4))+1,255)&"_"&$B$24&"'!H"&ROW(E5)) -> 1 | H27: =INDIRECT("'[CILA2_Validation_Files.xlsx]"&$A$2&"_"&$H$3&"_"&COLUMN(A$2)*100&"k_"&MID(CELL("filename",A4),FIND("]",CELL("filename",A4))+1,255)&"_"&$B$24&"'!H"&ROW(A5)) -> 0 | I27: =INDIRECT("'[CILA2_Validation_Files.xlsx]"&$A$2&"_"&$H$3&"_"&COLUMN(B$2)*100&"k_"&MID(CELL("filename",B4),FIND("]",CELL("filename",B4))+1,255)&"_"&$B$24&"'!H"&ROW(B5)) -> 0 | J27: =INDIRECT("'[CILA2_Validation_Files.xlsx]"&$A$2&"_"&$H$3&"_"&COLUMN(C$2)*100&"k_"&MID(CELL("filename",C4),FIND("]",CELL("filename",C4))+1,255)&"_"&$B$24&"'!H"&ROW(C5)) -> 1 | K27: =INDIRECT("'[CILA2_Validation_Files.xlsx]"&$A$2&"_"&$H$3&"_"&COLUMN(D$2)*100&"k_"&MID(CELL("filename",D4),FIND("]",CELL("filename",D4))+1,255)&"_"&$B$24&"'!H"&ROW(D5)) -> 1 | L27: =INDIRECT("'[CILA2_Validation_Files.xlsx]"&$A$2&"_"&$H$3&"_"&COLUMN(E$2)*100&"k_"&MID(CELL("filename",E4),FIND("]",CELL("filename",E4))+1,255)&"_"&$B$24&"'!H"&ROW(E5)) -> 1 | M27: =INDIRECT("'[CILA2_Validation_Files.xlsx]"&$A$2&"_"&$M$3&"_"&COLUMN(A$2)*100&"k_"&MID(CELL("filename",A4),FIND("]",CELL("filename",A4))+1,255)&"_"&$B$24&"'!H"&ROW(A5)) -> 0 | N27: =INDIRECT("'[CILA2_Validation_Files.xlsx]"&$A$2&"_"&$M$3&"_"&COLUMN(B$2)*100&"k_"&MID(CELL("filename",B4),FIND("]",CELL("filename",B4))+1,255)&"_"&$B$24&"'!H"&ROW(B5)) -> 1 | O27: =INDIRECT("'[CILA2_Validation_Files.xlsx]"&$A$2&"_"&$M$3&"_"&COLUMN(C$2)*100&"k_"&MID(CELL("filename",C4),FIND("]",CELL("filename",C4))+1,255)&"_"&$B$24&"'!H"&ROW(C5)) -> 0 | P27: =INDIRECT("'[CILA2_Validation_Files.xlsx]"&$A$2&"_"&$M$3&"_"&COLUMN(D$2)*100&"k_"&MID(CELL("filename",D4),FIND("]",CELL("filename",D4))+1,255)&"_"&$B$24&"'!H"&ROW(D5)) -> 0 | Q27: =INDIRECT("'[CILA2_Validation_Files.xlsx]"&$A$2&"_"&$M$3&"_"&COLUMN(E$2)*100&"k_"&MID(CELL("filename",E4),FIND("]",CELL("filename",E4))+1,255)&"_"&$B$24&"'!H"&ROW(E5)) -> 1 | R27: =INDIRECT("'[CILA2_Validation_Files.xlsx]"&$A$2&"_"&$R$3&"_"&COLUMN(A$2)*100&"k_"&MID(CELL("filename",A4),FIND("]",CELL("filename",A4))+1,255)&"_"&$B$24&"'!H"&ROW(A5)) -> 1 | S27: =INDIRECT("'[CILA2_Validation_Files.xlsx]"&$A$2&"_"&$R$3&"_"&COLUMN(B$2)*100&"k_"&MID(CELL("filename",B4),FIND("]",CELL("filename",B4))+1,255)&"_"&$B$24&"'!H"&ROW(B5)) -> 1 | T27: =INDIRECT("'[CILA2_Validation_Files.xlsx]"&$A$2&"_"&$R$3&"_"&COLUMN(C$2)*100&"k_"&MID(CELL("filename",C4),FIND("]",CELL("filename",C4))+1,255)&"_"&$B$24&"'!H"&ROW(C5)) -> 1 | U27: =INDIRECT("'[CILA2_Validation_Files.xlsx]"&$A$2&"_"&$R$3&"_"&COLUMN(D$2)*100&"k_"&MID(CELL("filename",D4),FIND("]",CELL("filename",D4))+1,255)&"_"&$B$24&"'!H"&ROW(D5)) -> 0 | V27: =INDIRECT("'[CILA2_Validation_Files.xlsx]"&$A$2&"_"&$R$3&"_"&COLUMN(E$2)*100&"k_"&MID(CELL("filename",E4),FIND("]",CELL("filename",E4))+1,255)&"_"&$B$24&"'!H"&ROW(E5)) -> 0 | W27: =INDIRECT("'[CILA2_Validation_Files.xlsx]"&$A$2&"_"&$W$3&"_"&COLUMN(A$2)*100&"k_"&MID(CELL("filename",A4),FIND("]",CELL("filename",A4))+1,255)&"_"&$B$24&"'!H"&ROW(A5)) -> 0 | X27: =INDIRECT("'[CILA2_Validation_Files.xlsx]"&$A$2&"_"&$W$3&"_"&COLUMN(B$2)*100&"k_"&MID(CELL("filename",B4),FIND("]",CELL("filename",B4))+1,255)&"_"&$B$24&"'!H"&ROW(B5)) -> 1 | Y27: =INDIRECT("'[CILA2_Validation_Files.xlsx]"&$A$2&"_"&$W$3&"_"&COLUMN(C$2)*100&"k_"&MID(CELL("filename",C4),FIND("]",CELL("filename",C4))+1,255)&"_"&$B$24&"'!H"&ROW(C5)) -> 0 | Z27: =INDIRECT("'[CILA2_Validation_Files.xlsx]"&$A$2&"_"&$W$3&"_"&COLUMN(D$2)*100&"k_"&MID(CELL("filename",D4),FIND("]",CELL("filename",D4))+1,255)&"_"&$B$24&"'!H"&ROW(D5)) -> 1 | AA27: =INDIRECT("'[CILA2_Validation_Files.xlsx]"&$A$2&"_"&$W$3&"_"&COLUMN(E$2)*100&"k_"&MID(CELL("filename",E4),FIND("]",CELL("filename",E4))+1,255)&"_"&$B$24&"'!H"&ROW(E5)) -> 0
A28: 23 | C28: =INDIRECT("'[CILA2_Validation_Files.xlsx]"&$A$2&"_"&$C$3&"_"&COLUMN(A$2)*100&"k_"&MID(CELL("filename",A5),FIND("]",CELL("filename",A5))+1,255)&"_"&$B$24&"'!H"&ROW(A6)) -> 0 | D28: =INDIRECT("'[CILA2_Validation_Files.xlsx]"&$A$2&"_"&$C$3&"_"&COLUMN(B$2)*100&"k_"&MID(CELL("filename",B5),FIND("]",CELL("filename",B5))+1,255)&"_"&$B$24&"'!H"&ROW(B6)) -> 0 | E28: =INDIRECT("'[CILA2_Validation_Files.xlsx]"&$A$2&"_"&$C$3&"_"&COLUMN(C$2)*100&"k_"&MID(CELL("filename",C5),FIND("]",CELL("filename",C5))+1,255)&"_"&$B$24&"'!H"&ROW(C6)) -> 0 | F28: =INDIRECT("'[CILA2_Validation_Files.xlsx]"&$A$2&"_"&$C$3&"_"&COLUMN(D$2)*100&"k_"&MID(CELL("filename",D5),FIND("]",CELL("filename",D5))+1,255)&"_"&$B$24&"'!H"&ROW(D6)) -> 0 | G28: =INDIRECT("'[CILA2_Validation_Files.xlsx]"&$A$2&"_"&$C$3&"_"&COLUMN(E$2)*100&"k_"&MID(CELL("filename",E5),FIND("]",CELL("filename",E5))+1,255)&"_"&$B$24&"'!H"&ROW(E6)) -> 1 | H28: =INDIRECT("'[CILA2_Validation_Files.xlsx]"&$A$2&"_"&$H$3&"_"&COLUMN(A$2)*100&"k_"&MID(CELL("filename",A5),FIND("]",CELL("filename",A5))+1,255)&"_"&$B$24&"'!H"&ROW(A6)) -> 1 | I28: =INDIRECT("'[CILA2_Validation_Files.xlsx]"&$A$2&"_"&$H$3&"_"&COLUMN(B$2)*100&"k_"&MID(CELL("filename",B5),FIND("]",CELL("filename",B5))+1,255)&"_"&$B$24&"'!H"&ROW(B6)) -> 1 | J28: =INDIRECT("'[CILA2_Validation_Files.xlsx]"&$A$2&"_"&$H$3&"_"&COLUMN(C$2)*100&"k_"&MID(CELL("filename",C5),FIND("]",CELL("filename",C5))+1,255)&"_"&$B$24&"'!H"&ROW(C6)) -> 1 | K28: =INDIRECT("'[CILA2_Validation_Files.xlsx]"&$A$2&"_"&$H$3&"_"&COLUMN(D$2)*100&"k_"&MID(CELL("filename",D5),FIND("]",CELL("filename",D5))+1,255)&"_"&$B$24&"'!H"&ROW(D6)) -> 1 | L28: =INDIRECT("'[CILA2_Validation_Files.xlsx]"&$A$2&"_"&$H$3&"_"&COLUMN(E$2)*100&"k_"&MID(CELL("filename",E5),FIND("]",CELL("filename",E5))+1,255)&"_"&$B$24&"'!H"&ROW(E6)) -> 0 | M28: =INDIRECT("'[CILA2_Validation_Files.xlsx]"&$A$2&"_"&$M$3&"_"&COLUMN(A$2)*100&"k_"&MID(CELL("filename",A5),FIND("]",CELL("filename",A5))+1,255)&"_"&$B$24&"'!H"&ROW(A6)) -> 0 | N28: =INDIRECT("'[CILA2_Validation_Files.xlsx]"&$A$2&"_"&$M$3&"_"&COLUMN(B$2)*100&"k_"&MID(CELL("filename",B5),FIND("]",CELL("filename",B5))+1,255)&"_"&$B$24&"'!H"&ROW(B6)) -> 1 | O28: =INDIRECT("'[CILA2_Validation_Files.xlsx]"&$A$2&"_"&$M$3&"_"&COLUMN(C$2)*100&"k_"&MID(CELL("filename",C5),FIND("]",CELL("filename",C5))+1,255)&"_"&$B$24&"'!H"&ROW(C6)) -> 0 | P28: =INDIRECT("'[CILA2_Validation_Files.xlsx]"&$A$2&"_"&$M$3&"_"&COLUMN(D$2)*100&"k_"&MID(CELL("filename",D5),FIND("]",CELL("filename",D5))+1,255)&"_"&$B$24&"'!H"&ROW(D6)) -> 0 | Q28: =INDIRECT("'[CILA2_Validation_Files.xlsx]"&$A$2&"_"&$M$3&"_"&COLUMN(E$2)*100&"k_"&MID(CELL("filename",E5),FIND("]",CELL("filename",E5))+1,255)&"_"&$B$24&"'!H"&ROW(E6)) -> 0 | R28: =INDIRECT("'[CILA2_Validation_Files.xlsx]"&$A$2&"_"&$R$3&"_"&COLUMN(A$2)*100&"k_"&MID(CELL("filename",A5),FIND("]",CELL("filename",A5))+1,255)&"_"&$B$24&"'!H"&ROW(A6)) -> 0 | S28: =INDIRECT("'[CILA2_Validation_Files.xlsx]"&$A$2&"_"&$R$3&"_"&COLUMN(B$2)*100&"k_"&MID(CELL("filename",B5),FIND("]",CELL("filename",B5))+1,255)&"_"&$B$24&"'!H"&ROW(B6)) -> 1 | T28: =INDIRECT("'[CILA2_Validation_Files.xlsx]"&$A$2&"_"&$R$3&"_"&COLUMN(C$2)*100&"k_"&MID(CELL("filename",C5),FIND("]",CELL("filename",C5))+1,255)&"_"&$B$24&"'!H"&ROW(C6)) -> 0 | U28: =INDIRECT("'[CILA2_Validation_Files.xlsx]"&$A$2&"_"&$R$3&"_"&COLUMN(D$2)*100&"k_"&MID(CELL("filename",D5),FIND("]",CELL("filename",D5))+1,255)&"_"&$B$24&"'!H"&ROW(D6)) -> 0 | V28: =INDIRECT("'[CILA2_Validation_Files.xlsx]"&$A$2&"_"&$R$3&"_"&COLUMN(E$2)*100&"k_"&MID(CELL("filename",E5),FIND("]",CELL("filename",E5))+1,255)&"_"&$B$24&"'!H"&ROW(E6)) -> 0 | W28: =INDIRECT("'[CILA2_Validation_Files.xlsx]"&$A$2&"_"&$W$3&"_"&COLUMN(A$2)*100&"k_"&MID(CELL("filename",A5),FIND("]",CELL("filename",A5))+1,255)&"_"&$B$24&"'!H"&ROW(A6)) -> 0 | X28: =INDIRECT("'[CILA2_Validation_Files.xlsx]"&$A$2&"_"&$W$3&"_"&COLUMN(B$2)*100&"k_"&MID(CELL("filename",B5),FIND("]",CELL("filename",B5))+1,255)&"_"&$B$24&"'!H"&ROW(B6)) -> 1 | Y28: =INDIRECT("'[CILA2_Validation_Files.xlsx]"&$A$2&"_"&$W$3&"_"&COLUMN(C$2)*100&"k_"&MID(CELL("filename",C5),FIND("]",CELL("filename",C5))+1,255)&"_"&$B$24&"'!H"&ROW(C6)) -> 0 | Z28: =INDIRECT("'[CILA2_Validation_Files.xlsx]"&$A$2&"_"&$W$3&"_"&COLUMN(D$2)*100&"k_"&MID(CELL("filename",D5),FIND("]",CELL("filename",D5))+1,255)&"_"&$B$24&"'!H"&ROW(D6)) -> 1 | AA28: =INDIRECT("'[CILA2_Validation_Files.xlsx]"&$A$2&"_"&$W$3&"_"&COLUMN(E$2)*100&"k_"&MID(CELL("filename",E5),FIND("]",CELL("filename",E5))+1,255)&"_"&$B$24&"'!H"&ROW(E6)) -> 0
A29: 24 | C29: =INDIRECT("'[CILA2_Validation_Files.xlsx]"&$A$2&"_"&$C$3&"_"&COLUMN(A$2)*100&"k_"&MID(CELL("filename",A6),FIND("]",CELL("filename",A6))+1,255)&"_"&$B$24&"'!H"&ROW(A7)) -> 1 | D29: =INDIRECT("'[CILA2_Validation_Files.xlsx]"&$A$2&"_"&$C$3&"_"&COLUMN(B$2)*100&"k_"&MID(CELL("filename",B6),FIND("]",CELL("filename",B6))+1,255)&"_"&$B$24&"'!H"&ROW(B7)) -> 0 | E29: =INDIRECT("'[CILA2_Validation_Files.xlsx]"&$A$2&"_"&$C$3&"_"&COLUMN(C$2)*100&"k_"&MID(CELL("filename",C6),FIND("]",CELL("filename",C6))+1,255)&"_"&$B$24&"'!H"&ROW(C7)) -> 1 | F29: =INDIRECT("'[CILA2_Validation_Files.xlsx]"&$A$2&"_"&$C$3&"_"&COLUMN(D$2)*100&"k_"&MID(CELL("filename",D6),FIND("]",CELL("filename",D6))+1,255)&"_"&$B$24&"'!H"&ROW(D7)) -> 1 | G29: =INDIRECT("'[CILA2_Validation_Files.xlsx]"&$A$2&"_"&$C$3&"_"&COLUMN(E$2)*100&"k_"&MID(CELL("filename",E6),FIND("]",CELL("filename",E6))+1,255)&"_"&$B$24&"'!H"&ROW(E7)) -> 1 | H29: =INDIRECT("'[CILA2_Validation_Files.xlsx]"&$A$2&"_"&$H$3&"_"&COLUMN(A$2)*100&"k_"&MID(CELL("filename",A6),FIND("]",CELL("filename",A6))+1,255)&"_"&$B$24&"'!H"&ROW(A7)) -> 0 | I29: =INDIRECT("'[CILA2_Validation_Files.xlsx]"&$A$2&"_"&$H$3&"_"&COLUMN(B$2)*100&"k_"&MID(CELL("filename",B6),FIND("]",CELL("filename",B6))+1,255)&"_"&$B$24&"'!H"&ROW(B7)) -> 0 | J29: =INDIRECT("'[CILA2_Validation_Files.xlsx]"&$A$2&"_"&$H$3&"_"&COLUMN(C$2)*100&"k_"&MID(CELL("filename",C6),FIND("]",CELL("filename",C6))+1,255)&"_"&$B$24&"'!H"&ROW(C7)) -> 0 | K29: =INDIRECT("'[CILA2_Validation_Files.xlsx]"&$A$2&"_"&$H$3&"_"&COLUMN(D$2)*100&"k_"&MID(CELL("filename",D6),FIND("]",CELL("filename",D6))+1,255)&"_"&$B$24&"'!H"&ROW(D7)) -> 0 | L29: =INDIRECT("'[CILA2_Validation_Files.xlsx]"&$A$2&"_"&$H$3&"_"&COLUMN(E$2)*100&"k_"&MID(CELL("filename",E6),FIND("]",CELL("filename",E6))+1,255)&"_"&$B$24&"'!H"&ROW(E7)) -> 0 | M29: =INDIRECT("'[CILA2_Validation_Files.xlsx]"&$A$2&"_"&$M$3&"_"&COLUMN(A$2)*100&"k_"&MID(CELL("filename",A6),FIND("]",CELL("filename",A6))+1,255)&"_"&$B$24&"'!H"&ROW(A7)) -> 1 | N29: =INDIRECT("'[CILA2_Validation_Files.xlsx]"&$A$2&"_"&$M$3&"_"&COLUMN(B$2)*100&"k_"&MID(CELL("filename",B6),FIND("]",CELL("filename",B6))+1,255)&"_"&$B$24&"'!H"&ROW(B7)) -> 1 | O29: =INDIRECT("'[CILA2_Validation_Files.xlsx]"&$A$2&"_"&$M$3&"_"&COLUMN(C$2)*100&"k_"&MID(CELL("filename",C6),FIND("]",CELL("filename",C6))+1,255)&"_"&$B$24&"'!H"&ROW(C7)) -> 0 | P29: =INDIRECT("'[CILA2_Validation_Files.xlsx]"&$A$2&"_"&$M$3&"_"&COLUMN(D$2)*100&"k_"&MID(CELL("filename",D6),FIND("]",CELL("filename",D6))+1,255)&"_"&$B$24&"'!H"&ROW(D7)) -> 0 | Q29: =INDIRECT("'[CILA2_Validation_Files.xlsx]"&$A$2&"_"&$M$3&"_"&COLUMN(E$2)*100&"k_"&MID(CELL("filename",E6),FIND("]",CELL("filename",E6))+1,255)&"_"&$B$24&"'!H"&ROW(E7)) -> 0 | R29: =INDIRECT("'[CILA2_Validation_Files.xlsx]"&$A$2&"_"&$R$3&"_"&COLUMN(A$2)*100&"k_"&MID(CELL("filename",A6),FIND("]",CELL("filename",A6))+1,255)&"_"&$B$24&"'!H"&ROW(A7)) -> 1 | S29: =INDIRECT("'[CILA2_Validation_Files.xlsx]"&$A$2&"_"&$R$3&"_"&COLUMN(B$2)*100&"k_"&MID(CELL("filename",B6),FIND("]",CELL("filename",B6))+1,255)&"_"&$B$24&"'!H"&ROW(B7)) -> 1 | T29: =INDIRECT("'[CILA2_Validation_Files.xlsx]"&$A$2&"_"&$R$3&"_"&COLUMN(C$2)*100&"k_"&MID(CELL("filename",C6),FIND("]",CELL("filename",C6))+1,255)&"_"&$B$24&"'!H"&ROW(C7)) -> 0 | U29: =INDIRECT("'[CILA2_Validation_Files.xlsx]"&$A$2&"_"&$R$3&"_"&COLUMN(D$2)*100&"k_"&MID(CELL("filename",D6),FIND("]",CELL("filename",D6))+1,255)&"_"&$B$24&"'!H"&ROW(D7)) -> 0 | V29: =INDIRECT("'[CILA2_Validation_Files.xlsx]"&$A$2&"_"&$R$3&"_"&COLUMN(E$2)*100&"k_"&MID(CELL("filename",E6),FIND("]",CELL("filename",E6))+1,255)&"_"&$B$24&"'!H"&ROW(E7)) -> 1 | W29: =INDIRECT("'[CILA2_Validation_Files.xlsx]"&$A$2&"_"&$W$3&"_"&COLUMN(A$2)*100&"k_"&MID(CELL("filename",A6),FIND("]",CELL("filename",A6))+1,255)&"_"&$B$24&"'!H"&ROW(A7)) -> 0 | X29: =INDIRECT("'[CILA2_Validation_Files.xlsx]"&$A$2&"_"&$W$3&"_"&COLUMN(B$2)*100&"k_"&MID(CELL("filename",B6),FIND("]",CELL("filename",B6))+1,255)&"_"&$B$24&"'!H"&ROW(B7)) -> 0 | Y29: =INDIRECT("'[CILA2_Validation_Files.xlsx]"&$A$2&"_"&$W$3&"_"&COLUMN(C$2)*100&"k_"&MID(CELL("filename",C6),FIND("]",CELL("filename",C6))+1,255)&"_"&$B$24&"'!H"&ROW(C7)) -> 0 | Z29: =INDIRECT("'[CILA2_Validation_Files.xlsx]"&$A$2&"_"&$W$3&"_"&COLUMN(D$2)*100&"k_"&MID(CELL("filename",D6),FIND("]",CELL("filename",D6))+1,255)&"_"&$B$24&"'!H"&ROW(D7)) -> 1 | AA29: =INDIRECT("'[CILA2_Validation_Files.xlsx]"&$A$2&"_"&$W$3&"_"&COLUMN(E$2)*100&"k_"&MID(CELL("filename",E6),FIND("]",CELL("filename",E6))+1,255)&"_"&$B$24&"'!H"&ROW(E7)) -> 0
A30: 25 | C30: =INDIRECT("'[CILA2_Validation_Files.xlsx]"&$A$2&"_"&$C$3&"_"&COLUMN(A$2)*100&"k_"&MID(CELL("filename",A7),FIND("]",CELL("filename",A7))+1,255)&"_"&$B$24&"'!H"&ROW(A8)) -> 0 | D30: =INDIRECT("'[CILA2_Validation_Files.xlsx]"&$A$2&"_"&$C$3&"_"&COLUMN(B$2)*100&"k_"&MID(CELL("filename",B7),FIND("]",CELL("filename",B7))+1,255)&"_"&$B$24&"'!H"&ROW(B8)) -> 1 | E30: =INDIRECT("'[CILA2_Validation_Files.xlsx]"&$A$2&"_"&$C$3&"_"&COLUMN(C$2)*100&"k_"&MID(CELL("filename",C7),FIND("]",CELL("filename",C7))+1,255)&"_"&$B$24&"'!H"&ROW(C8)) -> 1 | F30: =INDIRECT("'[CILA2_Validation_Files.xlsx]"&$A$2&"_"&$C$3&"_"&COLUMN(D$2)*100&"k_"&MID(CELL("filename",D7),FIND("]",CELL("filename",D7))+1,255)&"_"&$B$24&"'!H"&ROW(D8)) -> 1 | G30: =INDIRECT("'[CILA2_Validation_Files.xlsx]"&$A$2&"_"&$C$3&"_"&COLUMN(E$2)*100&"k_"&MID(CELL("filename",E7),FIND("]",CELL("filename",E7))+1,255)&"_"&$B$24&"'!H"&ROW(E8)) -> 0 | H30: =INDIRECT("'[CILA2_Validation_Files.xlsx]"&$A$2&"_"&$H$3&"_"&COLUMN(A$2)*100&"k_"&MID(CELL("filename",A7),FIND("]",CELL("filename",A7))+1,255)&"_"&$B$24&"'!H"&ROW(A8)) -> 0 | I30: =INDIRECT("'[CILA2_Validation_Files.xlsx]"&$A$2&"_"&$H$3&"_"&COLUMN(B$2)*100&"k_"&MID(CELL("filename",B7),FIND("]",CELL("filename",B7))+1,255)&"_"&$B$24&"'!H"&ROW(B8)) -> 0 | J30: =INDIRECT("'[CILA2_Validation_Files.xlsx]"&$A$2&"_"&$H$3&"_"&COLUMN(C$2)*100&"k_"&MID(CELL("filename",C7),FIND("]",CELL("filename",C7))+1,255)&"_"&$B$24&"'!H"&ROW(C8)) -> 0 | K30: =INDIRECT("'[CILA2_Validation_Files.xlsx]"&$A$2&"_"&$H$3&"_"&COLUMN(D$2)*100&"k_"&MID(CELL("filename",D7),FIND("]",CELL("filename",D7))+1,255)&"_"&$B$24&"'!H"&ROW(D8)) -> 0 | L30: =INDIRECT("'[CILA2_Validation_Files.xlsx]"&$A$2&"_"&$H$3&"_"&COLUMN(E$2)*100&"k_"&MID(CELL("filename",E7),FIND("]",CELL("filename",E7))+1,255)&"_"&$B$24&"'!H"&ROW(E8)) -> 1 | M30: =INDIRECT("'[CILA2_Validation_Files.xlsx]"&$A$2&"_"&$M$3&"_"&COLUMN(A$2)*100&"k_"&MID(CELL("filename",A7),FIND("]",CELL("filename",A7))+1,255)&"_"&$B$24&"'!H"&ROW(A8)) -> 1 | N30: =INDIRECT("'[CILA2_Validation_Files.xlsx]"&$A$2&"_"&$M$3&"_"&COLUMN(B$2)*100&"k_"&MID(CELL("filename",B7),FIND("]",CELL("filename",B7))+1,255)&"_"&$B$24&"'!H"&ROW(B8)) -> 0 | O30: =INDIRECT("'[CILA2_Validation_Files.xlsx]"&$A$2&"_"&$M$3&"_"&COLUMN(C$2)*100&"k_"&MID(CELL("filename",C7),FIND("]",CELL("filename",C7))+1,255)&"_"&$B$24&"'!H"&ROW(C8)) -> 1 | P30: =INDIRECT("'[CILA2_Validation_Files.xlsx]"&$A$2&"_"&$M$3&"_"&COLUMN(D$2)*100&"k_"&MID(CELL("filename",D7),FIND("]",CELL("filename",D7))+1,255)&"_"&$B$24&"'!H"&ROW(D8)) -> 0 | Q30: =INDIRECT("'[CILA2_Validation_Files.xlsx]"&$A$2&"_"&$M$3&"_"&COLUMN(E$2)*100&"k_"&MID(CELL("filename",E7),FIND("]",CELL("filename",E7))+1,255)&"_"&$B$24&"'!H"&ROW(E8)) -> 0 | R30: =INDIRECT("'[CILA2_Validation_Files.xlsx]"&$A$2&"_"&$R$3&"_"&COLUMN(A$2)*100&"k_"&MID(CELL("filename",A7),FIND("]",CELL("filename",A7))+1,255)&"_"&$B$24&"'!H"&ROW(A8)) -> 1 | S30: =INDIRECT("'[CILA2_Validation_Files.xlsx]"&$A$2&"_"&$R$3&"_"&COLUMN(B$2)*100&"k_"&MID(CELL("filename",B7),FIND("]",CELL("filename",B7))+1,255)&"_"&$B$24&"'!H"&ROW(B8)) -> 0 | T30: =INDIRECT("'[CILA2_Validation_Files.xlsx]"&$A$2&"_"&$R$3&"_"&COLUMN(C$2)*100&"k_"&MID(CELL("filename",C7),FIND("]",CELL("filename",C7))+1,255)&"_"&$B$24&"'!H"&ROW(C8)) -> 0 | U30: =INDIRECT("'[CILA2_Validation_Files.xlsx]"&$A$2&"_"&$R$3&"_"&COLUMN(D$2)*100&"k_"&MID(CELL("filename",D7),FIND("]",CELL("filename",D7))+1,255)&"_"&$B$24&"'!H"&ROW(D8)) -> 0 | V30: =INDIRECT("'[CILA2_Validation_Files.xlsx]"&$A$2&"_"&$R$3&"_"&COLUMN(E$2)*100&"k_"&MID(CELL("filename",E7),FIND("]",CELL("filename",E7))+1,255)&"_"&$B$24&"'!H"&ROW(E8)) -> 1 | W30: =INDIRECT("'[CILA2_Validation_Files.xlsx]"&$A$2&"_"&$W$3&"_"&COLUMN(A$2)*100&"k_"&MID(CELL("filename",A7),FIND("]",CELL("filename",A7))+1,255)&"_"&$B$24&"'!H"&ROW(A8)) -> 0 | X30: =INDIRECT("'[CILA2_Validation_Files.xlsx]"&$A$2&"_"&$W$3&"_"&COLUMN(B$2)*100&"k_"&MID(CELL("filename",B7),FIND("]",CELL("filename",B7))+1,255)&"_"&$B$24&"'!H"&ROW(B8)) -> 0 | Y30: =INDIRECT("'[CILA2_Validation_Files.xlsx]"&$A$2&"_"&$W$3&"_"&COLUMN(C$2)*100&"k_"&MID(CELL("filename",C7),FIND("]",CELL("filename",C7))+1,255)&"_"&$B$24&"'!H"&ROW(C8)) -> 0 | Z30: =INDIRECT("'[CILA2_Validation_Files.xlsx]"&$A$2&"_"&$W$3&"_"&COLUMN(D$2)*100&"k_"&MID(CELL("filename",D7),FIND("]",CELL("filename",D7))+1,255)&"_"&$B$24&"'!H"&ROW(D8)) -> 1 | AA30: =INDIRECT("'[CILA2_Validation_Files.xlsx]"&$A$2&"_"&$W$3&"_"&COLUMN(E$2)*100&"k_"&MID(CELL("filename",E7),FIND("]",CELL("filename",E7))+1,255)&"_"&$B$24&"'!H"&ROW(E8)) -> 1
A31: Total | C31: =AVERAGE(C6:C30) -> 0.52 | D31: =AVERAGE(D6:D30) -> 0.72 | E31: =AVERAGE(E6:E30) -> 0.8 | F31: =AVERAGE(F6:F30) -> 0.84 | G31: =AVERAGE(G6:G30) -> 0.88 | H31: =AVERAGE(H6:H30) -> 0.48 | I31: =AVERAGE(I6:I30) -> 0.64 | J31: =AVERAGE(J6:J30) -> 0.76 | ... AA31: =AVERAGE(AA6:AA30) -> 0.56

Sheet vt
A2: =vw!A2 -> mul_cil_a2
A3: No | B3: Run | C3: 1 | H3: 2 | M3: 3 | R3: 4 | W3: 5
B4: Task | C4: 100k | D4: 200k | E4: 300k | F4: 400k | G4: 500k | H4: 100k | I4: 200k | J4: 300k | K4: 400k | L4: 500k | M4: 100k | N4: 200k | O4: 300k | P4: 400k | Q4: 500k | R4: 100k | S4: 200k | T4: 300k | U4: 400k | V4: 500k | W4: 100k | X4: 200k | Y4: 300k | Z4: 400k | AA4: 500k
C5: success (1)/ No Success (0) | D5: success (1)/ No Success (0) | E5: success (1)/ No Success (0) | F5: success (1)/ No Success (0) | G5: success (1)/ No Success (0) | H5: success (1)/ No Success (0) | I5: success (1)/ No Success (0) | J5: success (1)/ No Success (0) | K5: success (1)/ No Success (0) | L5: success (1)/ No Success (0) | M5: success (1)/ No Success (0) | N5: success (1)/ No Success (0) | O5: success (1)/ No Success (0) | P5: success (1)/ No Success (0) | Q5: success (1)/ No Success (0) | R5: success (1)/ No Success (0) | S5: success (1)/ No Success (0) | T5: success (1)/ No Success (0) | U5: success (1)/ No Success (0) | V5: success (1)/ No Success (0) | W5: success (1)/ No Success (0) | X5: success (1)/ No Success (0) | Y5: success (1)/ No Success (0) | Z5: success (1)/ No Success (0) | AA5: success (1)/ No Success (0)
A6: 1 | B6: straight | C6: =INDIRECT("'[CILA2_Validation_Files.xlsx]"&$A$2&"_"&$C$3&"_"&COLUMN(A$2)*100&"k_"&MID(CELL("filename",A1),FIND("]",CELL("filename",A1))+1,255)&"_"&$B$6&"'!H"&ROW(A2)) -> 1 | D6: =INDIRECT("'[CILA2_Validation_Files.xlsx]"&$A$2&"_"&$C$3&"_"&COLUMN(B$2)*100&"k_"&MID(CELL("filename",B1),FIND("]",CELL("filename",B1))+1,255)&"_"&$B$6&"'!H"&ROW(B2)) -> 1 | E6: =INDIRECT("'[CILA2_Validation_Files.xlsx]"&$A$2&"_"&$C$3&"_"&COLUMN(C$2)*100&"k_"&MID(CELL("filename",C1),FIND("]",CELL("filename",C1))+1,255)&"_"&$B$6&"'!H"&ROW(C2)) -> 1 | F6: =INDIRECT("'[CILA2_Validation_Files.xlsx]"&$A$2&"_"&$C$3&"_"&COLUMN(D$2)*100&"k_"&MID(CELL("filename",D1),FIND("]",CELL("filename",D1))+1,255)&"_"&$B$6&"'!H"&ROW(D2)) -> 1 | G6: =INDIRECT("'[CILA2_Validation_Files.xlsx]"&$A$2&"_"&$C$3&"_"&COLUMN(E$2)*100&"k_"&MID(CELL("filename",E1),FIND("]",CELL("filename",E1))+1,255)&"_"&$B$6&"'!H"&ROW(E2)) -> 1 | H6: =INDIRECT("'[CILA2_Validation_Files.xlsx]"&$A$2&"_"&$H$3&"_"&COLUMN(A$2)*100&"k_"&MID(CELL("filename",A1),FIND("]",CELL("filename",A1))+1,255)&"_"&$B$6&"'!H"&ROW(A2)) -> 1 | I6: =INDIRECT("'[CILA2_Validation_Files.xlsx]"&$A$2&"_"&$H$3&"_"&COLUMN(B$2)*100&"k_"&MID(CELL("filename",B1),FIND("]",CELL("filename",B1))+1,255)&"_"&$B$6&"'!H"&ROW(B2)) -> 1 | J6: =INDIRECT("'[CILA2_Validation_Files.xlsx]"&$A$2&"_"&$H$3&"_"&COLUMN(C$2)*100&"k_"&MID(CELL("filename",C1),FIND("]",CELL("filename",C1))+1,255)&"_"&$B$6&"'!H"&ROW(C2)) -> 1 | K6: =INDIRECT("'[CILA2_Validation_Files.xlsx]"&$A$2&"_"&$H$3&"_"&COLUMN(D$2)*100&"k_"&MID(CELL("filename",D1),FIND("]",CELL("filename",D1))+1,255)&"_"&$B$6&"'!H"&ROW(D2)) -> 1 | L6: =INDIRECT("'[CILA2_Validation_Files.xlsx]"&$A$2&"_"&$H$3&"_"&COLUMN(E$2)*100&"k_"&MID(CELL("filename",E1),FIND("]",CELL("filename",E1))+1,255)&"_"&$B$6&"'!H"&ROW(E2)) -> 1 | M6: =INDIRECT("'[CILA2_Validation_Files.xlsx]"&$A$2&"_"&$M$3&"_"&COLUMN(A$2)*100&"k_"&MID(CELL("filename",A1),FIND("]",CELL("filename",A1))+1,255)&"_"&$B$6&"'!H"&ROW(A2)) -> 1 | N6: =INDIRECT("'[CILA2_Validation_Files.xlsx]"&$A$2&"_"&$M$3&"_"&COLUMN(B$2)*100&"k_"&MID(CELL("filename",B1),FIND("]",CELL("filename",B1))+1,255)&"_"&$B$6&"'!H"&ROW(B2)) -> 1 | O6: =INDIRECT("'[CILA2_Validation_Files.xlsx]"&$A$2&"_"&$M$3&"_"&COLUMN(C$2)*100&"k_"&MID(CELL("filename",C1),FIND("]",CELL("filename",C1))+1,255)&"_"&$B$6&"'!H"&ROW(C2)) -> 1 | P6: =INDIRECT("'[CILA2_Validation_Files.xlsx]"&$A$2&"_"&$M$3&"_"&COLUMN(D$2)*100&"k_"&MID(CELL("filename",D1),FIND("]",CELL("filename",D1))+1,255)&"_"&$B$6&"'!H"&ROW(D2)) -> 1 | Q6: =INDIRECT("'[CILA2_Validation_Files.xlsx]"&$A$2&"_"&$M$3&"_"&COLUMN(E$2)*100&"k_"&MID(CELL("filename",E1),FIND("]",CELL("filename",E1))+1,255)&"_"&$B$6&"'!H"&ROW(E2)) -> 1 | R6: =INDIRECT("'[CILA2_Validation_Files.xlsx]"&$A$2&"_"&$R$3&"_"&COLUMN(A$2)*100&"k_"&MID(CELL("filename",A1),FIND("]",CELL("filename",A1))+1,255)&"_"&$B$6&"'!H"&ROW(A2)) -> 1 | S6: =INDIRECT("'[CILA2_Validation_Files.xlsx]"&$A$2&"_"&$R$3&"_"&COLUMN(B$2)*100&"k_"&MID(CELL("filename",B1),FIND("]",CELL("filename",B1))+1,255)&"_"&$B$6&"'!H"&ROW(B2)) -> 1 | T6: =INDIRECT("'[CILA2_Validation_Files.xlsx]"&$A$2&"_"&$R$3&"_"&COLUMN(C$2)*100&"k_"&MID(CELL("filename",C1),FIND("]",CELL("filename",C1))+1,255)&"_"&$B$6&"'!H"&ROW(C2)) -> 1 | U6: =INDIRECT("'[CILA2_Validation_Files.xlsx]"&$A$2&"_"&$R$3&"_"&COLUMN(D$2)*100&"k_"&MID(CELL("filename",D1),FIND("]",CELL("filename",D1))+1,255)&"_"&$B$6&"'!H"&ROW(D2)) -> 1 | V6: =INDIRECT("'[CILA2_Validation_Files.xlsx]"&$A$2&"_"&$R$3&"_"&COLUMN(E$2)*100&"k_"&MID(CELL("filename",E1),FIND("]",CELL("filename",E1))+1,255)&"_"&$B$6&"'!H"&ROW(E2)) -> 1 | W6: =INDIRECT("'[CILA2_Validation_Files.xlsx]"&$A$2&"_"&$W$3&"_"&COLUMN(A$2)*100&"k_"&MID(CELL("filename",A1),FIND("]",CELL("filename",A1))+1,255)&"_"&$B$6&"'!H"&ROW(A2)) -> 1 | X6: =INDIRECT("'[CILA2_Validation_Files.xlsx]"&$A$2&"_"&$W$3&"_"&COLUMN(B$2)*100&"k_"&MID(CELL("filename",B1),FIND("]",CELL("filename",B1))+1,255)&"_"&$B$6&"'!H"&ROW(B2)) -> 1 | Y6: =INDIRECT("'[CILA2_Validation_Files.xlsx]"&$A$2&"_"&$W$3&"_"&COLUMN(C$2)*100&"k_"&MID(CELL("filename",C1),FIND("]",CELL("filename",C1))+1,255)&"_"&$B$6&"'!H"&ROW(C2)) -> 1 | Z6: =INDIRECT("'[CILA2_Validation_Files.xlsx]"&$A$2&"_"&$W$3&"_"&COLUMN(D$2)*100&"k_"&MID(CELL("filename",D1),FIND("]",CELL("filename",D1))+1,255)&"_"&$B$6&"'!H"&ROW(D2)) -> 1 | AA6: =INDIRECT("'[CILA2_Validation_Files.xlsx]"&$A$2&"_"&$W$3&"_"&COLUMN(E$2)*100&"k_"&MID(CELL("filename",E1),FIND("]",CELL("filename",E1))+1,255)&"_"&$B$6&"'!H"&ROW(E2)) -> 1
A7: 2 | C7: =INDIRECT("'[CILA2_Validation_Files.xlsx]"&$A$2&"_"&$C$3&"_"&COLUMN(A$2)*100&"k_"&MID(CELL("filename",A2),FIND("]",CELL("filename",A2))+1,255)&"_"&$B$6&"'!H"&ROW(A3)) -> 1 | D7: =INDIRECT("'[CILA2_Validation_Files.xlsx]"&$A$2&"_"&$C$3&"_"&COLUMN(B$2)*100&"k_"&MID(CELL("filename",B2),FIND("]",CELL("filename",B2))+1,255)&"_"&$B$6&"'!H"&ROW(B3)) -> 1 | E7: =INDIRECT("'[CILA2_Validation_Files.xlsx]"&$A$2&"_"&$C$3&"_"&COLUMN(C$2)*100&"k_"&MID(CELL("filename",C2),FIND("]",CELL("filename",C2))+1,255)&"_"&$B$6&"'!H"&ROW(C3)) -> 1 | F7: =INDIRECT("'[CILA2_Validation_Files.xlsx]"&$A$2&"_"&$C$3&"_"&COLUMN(D$2)*100&"k_"&MID(CELL("filename",D2),FIND("]",CELL("filename",D2))+1,255)&"_"&$B$6&"'!H"&ROW(D3)) -> 1 | G7: =INDIRECT("'[CILA2_Validation_Files.xlsx]"&$A$2&"_"&$C$3&"_"&COLUMN(E$2)*100&"k_"&MID(CELL("filename",E2),FIND("]",CELL("filename",E2))+1,255)&"_"&$B$6&"'!H"&ROW(E3)) -> 1 | H7: =INDIRECT("'[CILA2_Validation_Files.xlsx]"&$A$2&"_"&$H$3&"_"&COLUMN(A$2)*100&"k_"&MID(CELL("filename",A2),FIND("]",CELL("filename",A2))+1,255)&"_"&$B$6&"'!H"&ROW(A3)) -> 1 | I7: =INDIRECT("'[CILA2_Validation_Files.xlsx]"&$A$2&"_"&$H$3&"_"&COLUMN(B$2)*100&"k_"&MID(CELL("filename",B2),FIND("]",CELL("filename",B2))+1,255)&"_"&$B$6&"'!H"&ROW(B3)) -> 1 | J7: =INDIRECT("'[CILA2_Validation_Files.xlsx]"&$A$2&"_"&$H$3&"_"&COLUMN(C$2)*100&"k_"&MID(CELL("filename",C2),FIND("]",CELL("filename",C2))+1,255)&"_"&$B$6&"'!H"&ROW(C3)) -> 1 | K7: =INDIRECT("'[CILA2_Validation_Files.xlsx]"&$A$2&"_"&$H$3&"_"&COLUMN(D$2)*100&"k_"&MID(CELL("filename",D2),FIND("]",CELL("filename",D2))+1,255)&"_"&$B$6&"'!H"&ROW(D3)) -> 1 | L7: =INDIRECT("'[CILA2_Validation_Files.xlsx]"&$A$2&"_"&$H$3&"_"&COLUMN(E$2)*100&"k_"&MID(CELL("filename",E2),FIND("]",CELL("filename",E2))+1,255)&"_"&$B$6&"'!H"&ROW(E3)) -> 1 | M7: =INDIRECT("'[CILA2_Validation_Files.xlsx]"&$A$2&"_"&$M$3&"_"&COLUMN(A$2)*100&"k_"&MID(CELL("filename",A2),FIND("]",CELL("filename",A2))+1,255)&"_"&$B$6&"'!H"&ROW(A3)) -> 1 | N7: =INDIRECT("'[CILA2_Validation_Files.xlsx]"&$A$2&"_"&$M$3&"_"&COLUMN(B$2)*100&"k_"&MID(CELL("filename",B2),FIND("]",CELL("filename",B2))+1,255)&"_"&$B$6&"'!H"&ROW(B3)) -> 1 | O7: =INDIRECT("'[CILA2_Validation_Files.xlsx]"&$A$2&"_"&$M$3&"_"&COLUMN(C$2)*100&"k_"&MID(CELL("filename",C2),FIND("]",CELL("filename",C2))+1,255)&"_"&$B$6&"'!H"&ROW(C3)) -> 1 | P7: =INDIRECT("'[CILA2_Validation_Files.xlsx]"&$A$2&"_"&$M$3&"_"&COLUMN(D$2)*100&"k_"&MID(CELL("filename",D2),FIND("]",CELL("filename",D2))+1,255)&"_"&$B$6&"'!H"&ROW(D3)) -> 1 | Q7: =INDIRECT("'[CILA2_Validation_Files.xlsx]"&$A$2&"_"&$M$3&"_"&COLUMN(E$2)*100&"k_"&MID(CELL("filename",E2),FIND("]",CELL("filename",E2))+1,255)&"_"&$B$6&"'!H"&ROW(E3)) -> 1 | R7: =INDIRECT("'[CILA2_Validation_Files.xlsx]"&$A$2&"_"&$R$3&"_"&COLUMN(A$2)*100&"k_"&MID(CELL("filename",A2),FIND("]",CELL("filename",A2))+1,255)&"_"&$B$6&"'!H"&ROW(A3)) -> 1 | S7: =INDIRECT("'[CILA2_Validation_Files.xlsx]"&$A$2&"_"&$R$3&"_"&COLUMN(B$2)*100&"k_"&MID(CELL("filename",B2),FIND("]",CELL("filename",B2))+1,255)&"_"&$B$6&"'!H"&ROW(B3)) -> 1 | T7: =INDIRECT("'[CILA2_Validation_Files.xlsx]"&$A$2&"_"&$R$3&"_"&COLUMN(C$2)*100&"k_"&MID(CELL("filename",C2),FIND("]",CELL("filename",C2))+1,255)&"_"&$B$6&"'!H"&ROW(C3)) -> 1 | U7: =INDIRECT("'[CILA2_Validation_Files.xlsx]"&$A$2&"_"&$R$3&"_"&COLUMN(D$2)*100&"k_"&MID(CELL("filename",D2),FIND("]",CELL("filename",D2))+1,255)&"_"&$B$6&"'!H"&ROW(D3)) -> 1 | V7: =INDIRECT("'[CILA2_Validation_Files.xlsx]"&$A$2&"_"&$R$3&"_"&COLUMN(E$2)*100&"k_"&MID(CELL("filename",E2),FIND("]",CELL("filename",E2))+1,255)&"_"&$B$6&"'!H"&ROW(E3)) -> 1 | W7: =INDIRECT("'[CILA2_Validation_Files.xlsx]"&$A$2&"_"&$W$3&"_"&COLUMN(A$2)*100&"k_"&MID(CELL("filename",A2),FIND("]",CELL("filename",A2))+1,255)&"_"&$B$6&"'!H"&ROW(A3)) -> 1 | X7: =INDIRECT("'[CILA2_Validation_Files.xlsx]"&$A$2&"_"&$W$3&"_"&COLUMN(B$2)*100&"k_"&MID(CELL("filename",B2),FIND("]",CELL("filename",B2))+1,255)&"_"&$B$6&"'!H"&ROW(B3)) -> 1 | Y7: =INDIRECT("'[CILA2_Validation_Files.xlsx]"&$A$2&"_"&$W$3&"_"&COLUMN(C$2)*100&"k_"&MID(CELL("filename",C2),FIND("]",CELL("filename",C2))+1,255)&"_"&$B$6&"'!H"&ROW(C3)) -> 1 | Z7: =INDIRECT("'[CILA2_Validation_Files.xlsx]"&$A$2&"_"&$W$3&"_"&COLUMN(D$2)*100&"k_"&MID(CELL("filename",D2),FIND("]",CELL("filename",D2))+1,255)&"_"&$B$6&"'!H"&ROW(D3)) -> 1 | AA7: =INDIRECT("'[CILA2_Validation_Files.xlsx]"&$A$2&"_"&$W$3&"_"&COLUMN(E$2)*100&"k_"&MID(CELL("filename",E2),FIND("]",CELL("filename",E2))+1,255)&"_"&$B$6&"'!H"&ROW(E3)) -> 1
A8: 3 | C8: =INDIRECT("'[CILA2_Validation_Files.xlsx]"&$A$2&"_"&$C$3&"_"&COLUMN(A$2)*100&"k_"&MID(CELL("filename",A3),FIND("]",CELL("filename",A3))+1,255)&"_"&$B$6&"'!H"&ROW(A4)) -> 1 | D8: =INDIRECT("'[CILA2_Validation_Files.xlsx]"&$A$2&"_"&$C$3&"_"&COLUMN(B$2)*100&"k_"&MID(CELL("filename",B3),FIND("]",CELL("filename",B3))+1,255)&"_"&$B$6&"'!H"&ROW(B4)) -> 1 | E8: =INDIRECT("'[CILA2_Validation_Files.xlsx]"&$A$2&"_"&$C$3&"_"&COLUMN(C$2)*100&"k_"&MID(CELL("filename",C3),FIND("]",CELL("filename",C3))+1,255)&"_"&$B$6&"'!H"&ROW(C4)) -> 1 | F8: =INDIRECT("'[CILA2_Validation_Files.xlsx]"&$A$2&"_"&$C$3&"_"&COLUMN(D$2)*100&"k_"&MID(CELL("filename",D3),FIND("]",CELL("filename",D3))+1,255)&"_"&$B$6&"'!H"&ROW(D4)) -> 1 | G8: =INDIRECT("'[CILA2_Validation_Files.xlsx]"&$A$2&"_"&$C$3&"_"&COLUMN(E$2)*100&"k_"&MID(CELL("filename",E3),FIND("]",CELL("filename",E3))+1,255)&"_"&$B$6&"'!H"&ROW(E4)) -> 1 | H8: =INDIRECT("'[CILA2_Validation_Files.xlsx]"&$A$2&"_"&$H$3&"_"&COLUMN(A$2)*100&"k_"&MID(CELL("filename",A3),FIND("]",CELL("filename",A3))+1,255)&"_"&$B$6&"'!H"&ROW(A4)) -> 1 | I8: =INDIRECT("'[CILA2_Validation_Files.xlsx]"&$A$2&"_"&$H$3&"_"&COLUMN(B$2)*100&"k_"&MID(CELL("filename",B3),FIND("]",CELL("filename",B3))+1,255)&"_"&$B$6&"'!H"&ROW(B4)) -> 1 | J8: =INDIRECT("'[CILA2_Validation_Files.xlsx]"&$A$2&"_"&$H$3&"_"&COLUMN(C$2)*100&"k_"&MID(CELL("filename",C3),FIND("]",CELL("filename",C3))+1,255)&"_"&$B$6&"'!H"&ROW(C4)) -> 1 | K8: =INDIRECT("'[CILA2_Validation_Files.xlsx]"&$A$2&"_"&$H$3&"_"&COLUMN(D$2)*100&"k_"&MID(CELL("filename",D3),FIND("]",CELL("filename",D3))+1,255)&"_"&$B$6&"'!H"&ROW(D4)) -> 1 | L8: =INDIRECT("'[CILA2_Validation_Files.xlsx]"&$A$2&"_"&$H$3&"_"&COLUMN(E$2)*100&"k_"&MID(CELL("filename",E3),FIND("]",CELL("filename",E3))+1,255)&"_"&$B$6&"'!H"&ROW(E4)) -> 1 | M8: =INDIRECT("'[CILA2_Validation_Files.xlsx]"&$A$2&"_"&$M$3&"_"&COLUMN(A$2)*100&"k_"&MID(CELL("filename",A3),FIND("]",CELL("filename",A3))+1,255)&"_"&$B$6&"'!H"&ROW(A4)) -> 1 | N8: =INDIRECT("'[CILA2_Validation_Files.xlsx]"&$A$2&"_"&$M$3&"_"&COLUMN(B$2)*100&"k_"&MID(CELL("filename",B3),FIND("]",CELL("filename",B3))+1,255)&"_"&$B$6&"'!H"&ROW(B4)) -> 1 | O8: =INDIRECT("'[CILA2_Validation_Files.xlsx]"&$A$2&"_"&$M$3&"_"&COLUMN(C$2)*100&"k_"&MID(CELL("filename",C3),FIND("]",CELL("filename",C3))+1,255)&"_"&$B$6&"'!H"&ROW(C4)) -> 1 | P8: =INDIRECT("'[CILA2_Validation_Files.xlsx]"&$A$2&"_"&$M$3&"_"&COLUMN(D$2)*100&"k_"&MID(CELL("filename",D3),FIND("]",CELL("filename",D3))+1,255)&"_"&$B$6&"'!H"&ROW(D4)) -> 1 | Q8: =INDIRECT("'[CILA2_Validation_Files.xlsx]"&$A$2&"_"&$M$3&"_"&COLUMN(E$2)*100&"k_"&MID(CELL("filename",E3),FIND("]",CELL("filename",E3))+1,255)&"_"&$B$6&"'!H"&ROW(E4)) -> 1 | R8: =INDIRECT("'[CILA2_Validation_Files.xlsx]"&$A$2&"_"&$R$3&"_"&COLUMN(A$2)*100&"k_"&MID(CELL("filename",A3),FIND("]",CELL("filename",A3))+1,255)&"_"&$B$6&"'!H"&ROW(A4)) -> 1 | S8: =INDIRECT("'[CILA2_Validation_Files.xlsx]"&$A$2&"_"&$R$3&"_"&COLUMN(B$2)*100&"k_"&MID(CELL("filename",B3),FIND("]",CELL("filename",B3))+1,255)&"_"&$B$6&"'!H"&ROW(B4)) -> 1 | T8: =INDIRECT("'[CILA2_Validation_Files.xlsx]"&$A$2&"_"&$R$3&"_"&COLUMN(C$2)*100&"k_"&MID(CELL("filename",C3),FIND("]",CELL("filename",C3))+1,255)&"_"&$B$6&"'!H"&ROW(C4)) -> 1 | U8: =INDIRECT("'[CILA2_Validation_Files.xlsx]"&$A$2&"_"&$R$3&"_"&COLUMN(D$2)*100&"k_"&MID(CELL("filename",D3),FIND("]",CELL("filename",D3))+1,255)&"_"&$B$6&"'!H"&ROW(D4)) -> 1 | V8: =INDIRECT("'[CILA2_Validation_Files.xlsx]"&$A$2&"_"&$R$3&"_"&COLUMN(E$2)*100&"k_"&MID(CELL("filename",E3),FIND("]",CELL("filename",E3))+1,255)&"_"&$B$6&"'!H"&ROW(E4)) -> 1 | W8: =INDIRECT("'[CILA2_Validation_Files.xlsx]"&$A$2&"_"&$W$3&"_"&COLUMN(A$2)*100&"k_"&MID(CELL("filename",A3),FIND("]",CELL("filename",A3))+1,255)&"_"&$B$6&"'!H"&ROW(A4)) -> 1 | X8: =INDIRECT("'[CILA2_Validation_Files.xlsx]"&$A$2&"_"&$W$3&"_"&COLUMN(B$2)*100&"k_"&MID(CELL("filename",B3),FIND("]",CELL("filename",B3))+1,255)&"_"&$B$6&"'!H"&ROW(B4)) -> 1 | Y8: =INDIRECT("'[CILA2_Validation_Files.xlsx]"&$A$2&"_"&$W$3&"_"&COLUMN(C$2)*100&"k_"&MID(CELL("filename",C3),FIND("]",CELL("filename",C3))+1,255)&"_"&$B$6&"'!H"&ROW(C4)) -> 1 | Z8: =INDIRECT("'[CILA2_Validation_Files.xlsx]"&$A$2&"_"&$W$3&"_"&COLUMN(D$2)*100&"k_"&MID(CELL("filename",D3),FIND("]",CELL("filename",D3))+1,255)&"_"&$B$6&"'!H"&ROW(D4)) -> 1 | AA8: =INDIRECT("'[CILA2_Validation_Files.xlsx]"&$A$2&"_"&$W$3&"_"&COLUMN(E$2)*100&"k_"&MID(CELL("filename",E3),FIND("]",CELL("filename",E3))+1,255)&"_"&$B$6&"'!H"&ROW(E4)) -> 1
A9: 4 | C9: =INDIRECT("'[CILA2_Validation_Files.xlsx]"&$A$2&"_"&$C$3&"_"&COLUMN(A$2)*100&"k_"&MID(CELL("filename",A4),FIND("]",CELL("filename",A4))+1,255)&"_"&$B$6&"'!H"&ROW(A5)) -> 1 | D9: =INDIRECT("'[CILA2_Validation_Files.xlsx]"&$A$2&"_"&$C$3&"_"&COLUMN(B$2)*100&"k_"&MID(CELL("filename",B4),FIND("]",CELL("filename",B4))+1,255)&"_"&$B$6&"'!H"&ROW(B5)) -> 1 | E9: =INDIRECT("'[CILA2_Validation_Files.xlsx]"&$A$2&"_"&$C$3&"_"&COLUMN(C$2)*100&"k_"&MID(CELL("filename",C4),FIND("]",CELL("filename",C4))+1,255)&"_"&$B$6&"'!H"&ROW(C5)) -> 1 | F9: =INDIRECT("'[CILA2_Validation_Files.xlsx]"&$A$2&"_"&$C$3&"_"&COLUMN(D$2)*100&"k_"&MID(CELL("filename",D4),FIND("]",CELL("filename",D4))+1,255)&"_"&$B$6&"'!H"&ROW(D5)) -> 1 | G9: =INDIRECT("'[CILA2_Validation_Files.xlsx]"&$A$2&"_"&$C$3&"_"&COLUMN(E$2)*100&"k_"&MID(CELL("filename",E4),FIND("]",CELL("filename",E4))+1,255)&"_"&$B$6&"'!H"&ROW(E5)) -> 1 | H9: =INDIRECT("'[CILA2_Validation_Files.xlsx]"&$A$2&"_"&$H$3&"_"&COLUMN(A$2)*100&"k_"&MID(CELL("filename",A4),FIND("]",CELL("filename",A4))+1,255)&"_"&$B$6&"'!H"&ROW(A5)) -> 1 | I9: =INDIRECT("'[CILA2_Validation_Files.xlsx]"&$A$2&"_"&$H$3&"_"&COLUMN(B$2)*100&"k_"&MID(CELL("filename",B4),FIND("]",CELL("filename",B4))+1,255)&"_"&$B$6&"'!H"&ROW(B5)) -> 1 | J9: =INDIRECT("'[CILA2_Validation_Files.xlsx]"&$A$2&"_"&$H$3&"_"&COLUMN(C$2)*100&"k_"&MID(CELL("filename",C4),FIND("]",CELL("filename",C4))+1,255)&"_"&$B$6&"'!H"&ROW(C5)) -> 1 | K9: =INDIRECT("'[CILA2_Validation_Files.xlsx]"&$A$2&"_"&$H$3&"_"&COLUMN(D$2)*100&"k_"&MID(CELL("filename",D4),FIND("]",CELL("filename",D4))+1,255)&"_"&$B$6&"'!H"&ROW(D5)) -> 1 | L9: =INDIRECT("'[CILA2_Validation_Files.xlsx]"&$A$2&"_"&$H$3&"_"&COLUMN(E$2)*100&"k_"&MID(CELL("filename",E4),FIND("]",CELL("filename",E4))+1,255)&"_"&$B$6&"'!H"&ROW(E5)) -> 1 | M9: =INDIRECT("'[CILA2_Validation_Files.xlsx]"&$A$2&"_"&$M$3&"_"&COLUMN(A$2)*100&"k_"&MID(CELL("filename",A4),FIND("]",CELL("filename",A4))+1,255)&"_"&$B$6&"'!H"&ROW(A5)) -> 1 | N9: =INDIRECT("'[CILA2_Validation_Files.xlsx]"&$A$2&"_"&$M$3&"_"&COLUMN(B$2)*100&"k_"&MID(CELL("filename",B4),FIND("]",CELL("filename",B4))+1,255)&"_"&$B$6&"'!H"&ROW(B5)) -> 1 | O9: =INDIRECT("'[CILA2_Validation_Files.xlsx]"&$A$2&"_"&$M$3&"_"&COLUMN(C$2)*100&"k_"&MID(CELL("filename",C4),FIND("]",CELL("filename",C4))+1,255)&"_"&$B$6&"'!H"&ROW(C5)) -> 1 | P9: =INDIRECT("'[CILA2_Validation_Files.xlsx]"&$A$2&"_"&$M$3&"_"&COLUMN(D$2)*100&"k_"&MID(CELL("filename",D4),FIND("]",CELL("filename",D4))+1,255)&"_"&$B$6&"'!H"&ROW(D5)) -> 1 | Q9: =INDIRECT("'[CILA2_Validation_Files.xlsx]"&$A$2&"_"&$M$3&"_"&COLUMN(E$2)*100&"k_"&MID(CELL("filename",E4),FIND("]",CELL("filename",E4))+1,255)&"_"&$B$6&"'!H"&ROW(E5)) -> 1 | R9: =INDIRECT("'[CILA2_Validation_Files.xlsx]"&$A$2&"_"&$R$3&"_"&COLUMN(A$2)*100&"k_"&MID(CELL("filename",A4),FIND("]",CELL("filename",A4))+1,255)&"_"&$B$6&"'!H"&ROW(A5)) -> 1 | S9: =INDIRECT("'[CILA2_Validation_Files.xlsx]"&$A$2&"_"&$R$3&"_"&COLUMN(B$2)*100&"k_"&MID(CELL("filename",B4),FIND("]",CELL("filename",B4))+1,255)&"_"&$B$6&"'!H"&ROW(B5)) -> 1 | T9: =INDIRECT("'[CILA2_Validation_Files.xlsx]"&$A$2&"_"&$R$3&"_"&COLUMN(C$2)*100&"k_"&MID(CELL("filename",C4),FIND("]",CELL("filename",C4))+1,255)&"_"&$B$6&"'!H"&ROW(C5)) -> 1 | U9: =INDIRECT("'[CILA2_Validation_Files.xlsx]"&$A$2&"_"&$R$3&"_"&COLUMN(D$2)*100&"k_"&MID(CELL("filename",D4),FIND("]",CELL("filename",D4))+1,255)&"_"&$B$6&"'!H"&ROW(D5)) -> 1 | V9: =INDIRECT("'[CILA2_Validation_Files.xlsx]"&$A$2&"_"&$R$3&"_"&COLUMN(E$2)*100&"k_"&MID(CELL("filename",E4),FIND("]",CELL("filename",E4))+1,255)&"_"&$B$6&"'!H"&ROW(E5)) -> 1 | W9: =INDIRECT("'[CILA2_Validation_Files.xlsx]"&$A$2&"_"&$W$3&"_"&COLUMN(A$2)*100&"k_"&MID(CELL("filename",A4),FIND("]",CELL("filename",A4))+1,255)&"_"&$B$6&"'!H"&ROW(A5)) -> 1 | X9: =INDIRECT("'[CILA2_Validation_Files.xlsx]"&$A$2&"_"&$W$3&"_"&COLUMN(B$2)*100&"k_"&MID(CELL("filename",B4),FIND("]",CELL("filename",B4))+1,255)&"_"&$B$6&"'!H"&ROW(B5)) -> 1 | Y9: =INDIRECT("'[CILA2_Validation_Files.xlsx]"&$A$2&"_"&$W$3&"_"&COLUMN(C$2)*100&"k_"&MID(CELL("filename",C4),FIND("]",CELL("filename",C4))+1,255)&"_"&$B$6&"'!H"&ROW(C5)) -> 1 | Z9: =INDIRECT("'[CILA2_Validation_Files.xlsx]"&$A$2&"_"&$W$3&"_"&COLUMN(D$2)*100&"k_"&MID(CELL("filename",D4),FIND("]",CELL("filename",D4))+1,255)&"_"&$B$6&"'!H"&ROW(D5)) -> 1 | AA9: =INDIRECT("'[CILA2_Validation_Files.xlsx]"&$A$2&"_"&$W$3&"_"&COLUMN(E$2)*100&"k_"&MID(CELL("filename",E4),FIND("]",CELL("filename",E4))+1,255)&"_"&$B$6&"'!H"&ROW(E5)) -> 1
A10: 5 | C10: =INDIRECT("'[CILA2_Validation_Files.xlsx]"&$A$2&"_"&$C$3&"_"&COLUMN(A$2)*100&"k_"&MID(CELL("filename",A5),FIND("]",CELL("filename",A5))+1,255)&"_"&$B$6&"'!H"&ROW(A6)) -> 1 | D10: =INDIRECT("'[CILA2_Validation_Files.xlsx]"&$A$2&"_"&$C$3&"_"&COLUMN(B$2)*100&"k_"&MID(CELL("filename",B5),FIND("]",CELL("filename",B5))+1,255)&"_"&$B$6&"'!H"&ROW(B6)) -> 1 | E10: =INDIRECT("'[CILA2_Validation_Files.xlsx]"&$A$2&"_"&$C$3&"_"&COLUMN(C$2)*100&"k_"&MID(CELL("filename",C5),FIND("]",CELL("filename",C5))+1,255)&"_"&$B$6&"'!H"&ROW(C6)) -> 1 | F10: =INDIRECT("'[CILA2_Validation_Files.xlsx]"&$A$2&"_"&$C$3&"_"&COLUMN(D$2)*100&"k_"&MID(CELL("filename",D5),FIND("]",CELL("filename",D5))+1,255)&"_"&$B$6&"'!H"&ROW(D6)) -> 1 | G10: =INDIRECT("'[CILA2_Validation_Files.xlsx]"&$A$2&"_"&$C$3&"_"&COLUMN(E$2)*100&"k_"&MID(CELL("filename",E5),FIND("]",CELL("filename",E5))+1,255)&"_"&$B$6&"'!H"&ROW(E6)) -> 1 | H10: =INDIRECT("'[CILA2_Validation_Files.xlsx]"&$A$2&"_"&$H$3&"_"&COLUMN(A$2)*100&"k_"&MID(CELL("filename",A5),FIND("]",CELL("filename",A5))+1,255)&"_"&$B$6&"'!H"&ROW(A6)) -> 1 | I10: =INDIRECT("'[CILA2_Validation_Files.xlsx]"&$A$2&"_"&$H$3&"_"&COLUMN(B$2)*100&"k_"&MID(CELL("filename",B5),FIND("]",CELL("filename",B5))+1,255)&"_"&$B$6&"'!H"&ROW(B6)) -> 1 | J10: =INDIRECT("'[CILA2_Validation_Files.xlsx]"&$A$2&"_"&$H$3&"_"&COLUMN(C$2)*100&"k_"&MID(CELL("filename",C5),FIND("]",CELL("filename",C5))+1,255)&"_"&$B$6&"'!H"&ROW(C6)) -> 1 | K10: =INDIRECT("'[CILA2_Validation_Files.xlsx]"&$A$2&"_"&$H$3&"_"&COLUMN(D$2)*100&"k_"&MID(CELL("filename",D5),FIND("]",CELL("filename",D5))+1,255)&"_"&$B$6&"'!H"&ROW(D6)) -> 1 | L10: =INDIRECT("'[CILA2_Validation_Files.xlsx]"&$A$2&"_"&$H$3&"_"&COLUMN(E$2)*100&"k_"&MID(CELL("filename",E5),FIND("]",CELL("filename",E5))+1,255)&"_"&$B$6&"'!H"&ROW(E6)) -> 1 | M10: =INDIRECT("'[CILA2_Validation_Files.xlsx]"&$A$2&"_"&$M$3&"_"&COLUMN(A$2)*100&"k_"&MID(CELL("filename",A5),FIND("]",CELL("filename",A5))+1,255)&"_"&$B$6&"'!H"&ROW(A6)) -> 1 | N10: =INDIRECT("'[CILA2_Validation_Files.xlsx]"&$A$2&"_"&$M$3&"_"&COLUMN(B$2)*100&"k_"&MID(CELL("filename",B5),FIND("]",CELL("filename",B5))+1,255)&"_"&$B$6&"'!H"&ROW(B6)) -> 1 | O10: =INDIRECT("'[CILA2_Validation_Files.xlsx]"&$A$2&"_"&$M$3&"_"&COLUMN(C$2)*100&"k_"&MID(CELL("filename",C5),FIND("]",CELL("filename",C5))+1,255)&"_"&$B$6&"'!H"&ROW(C6)) -> 1 | P10: =INDIRECT("'[CILA2_Validation_Files.xlsx]"&$A$2&"_"&$M$3&"_"&COLUMN(D$2)*100&"k_"&MID(CELL("filename",D5),FIND("]",CELL("filename",D5))+1,255)&"_"&$B$6&"'!H"&ROW(D6)) -> 1 | Q10: =INDIRECT("'[CILA2_Validation_Files.xlsx]"&$A$2&"_"&$M$3&"_"&COLUMN(E$2)*100&"k_"&MID(CELL("filename",E5),FIND("]",CELL("filename",E5))+1,255)&"_"&$B$6&"'!H"&ROW(E6)) -> 1 | R10: =INDIRECT("'[CILA2_Validation_Files.xlsx]"&$A$2&"_"&$R$3&"_"&COLUMN(A$2)*100&"k_"&MID(CELL("filename",A5),FIND("]",CELL("filename",A5))+1,255)&"_"&$B$6&"'!H"&ROW(A6)) -> 1 | S10: =INDIRECT("'[CILA2_Validation_Files.xlsx]"&$A$2&"_"&$R$3&"_"&COLUMN(B$2)*100&"k_"&MID(CELL("filename",B5),FIND("]",CELL("filename",B5))+1,255)&"_"&$B$6&"'!H"&ROW(B6)) -> 1 | T10: =INDIRECT("'[CILA2_Validation_Files.xlsx]"&$A$2&"_"&$R$3&"_"&COLUMN(C$2)*100&"k_"&MID(CELL("filename",C5),FIND("]",CELL("filename",C5))+1,255)&"_"&$B$6&"'!H"&ROW(C6)) -> 1 | U10: =INDIRECT("'[CILA2_Validation_Files.xlsx]"&$A$2&"_"&$R$3&"_"&COLUMN(D$2)*100&"k_"&MID(CELL("filename",D5),FIND("]",CELL("filename",D5))+1,255)&"_"&$B$6&"'!H"&ROW(D6)) -> 1 | V10: =INDIRECT("'[CILA2_Validation_Files.xlsx]"&$A$2&"_"&$R$3&"_"&COLUMN(E$2)*100&"k_"&MID(CELL("filename",E5),FIND("]",CELL("filename",E5))+1,255)&"_"&$B$6&"'!H"&ROW(E6)) -> 1 | W10: =INDIRECT("'[CILA2_Validation_Files.xlsx]"&$A$2&"_"&$W$3&"_"&COLUMN(A$2)*100&"k_"&MID(CELL("filename",A5),FIND("]",CELL("filename",A5))+1,255)&"_"&$B$6&"'!H"&ROW(A6)) -> 1 | X10: =INDIRECT("'[CILA2_Validation_Files.xlsx]"&$A$2&"_"&$W$3&"_"&COLUMN(B$2)*100&"k_"&MID(CELL("filename",B5),FIND("]",CELL("filename",B5))+1,255)&"_"&$B$6&"'!H"&ROW(B6)) -> 1 | Y10: =INDIRECT("'[CILA2_Validation_Files.xlsx]"&$A$2&"_"&$W$3&"_"&COLUMN(C$2)*100&"k_"&MID(CELL("filename",C5),FIND("]",CELL("filename",C5))+1,255)&"_"&$B$6&"'!H"&ROW(C6)) -> 1 | Z10: =INDIRECT("'[CILA2_Validation_Files.xlsx]"&$A$2&"_"&$W$3&"_"&COLUMN(D$2)*100&"k_"&MID(CELL("filename",D5),FIND("]",CELL("filename",D5))+1,255)&"_"&$B$6&"'!H"&ROW(D6)) -> 1 | AA10: =INDIRECT("'[CILA2_Validation_Files.xlsx]"&$A$2&"_"&$W$3&"_"&COLUMN(E$2)*100&"k_"&MID(CELL("filename",E5),FIND("]",CELL("filename",E5))+1,255)&"_"&$B$6&"'!H"&ROW(E6)) -> 1
A11: 6 | C11: =INDIRECT("'[CILA2_Validation_Files.xlsx]"&$A$2&"_"&$C$3&"_"&COLUMN(A$2)*100&"k_"&MID(CELL("filename",A6),FIND("]",CELL("filename",A6))+1,255)&"_"&$B$6&"'!H"&ROW(A7)) -> 1 | D11: =INDIRECT("'[CILA2_Validation_Files.xlsx]"&$A$2&"_"&$C$3&"_"&COLUMN(B$2)*100&"k_"&MID(CELL("filename",B6),FIND("]",CELL("filename",B6))+1,255)&"_"&$B$6&"'!H"&ROW(B7)) -> 1 | E11: =INDIRECT("'[CILA2_Validation_Files.xlsx]"&$A$2&"_"&$C$3&"_"&COLUMN(C$2)*100&"k_"&MID(CELL("filename",C6),FIND("]",CELL("filename",C6))+1,255)&"_"&$B$6&"'!H"&ROW(C7)) -> 1 | F11: =INDIRECT("'[CILA2_Validation_Files.xlsx]"&$A$2&"_"&$C$3&"_"&COLUMN(D$2)*100&"k_"&MID(CELL("filename",D6),FIND("]",CELL("filename",D6))+1,255)&"_"&$B$6&"'!H"&ROW(D7)) -> 1 | G11: =INDIRECT("'[CILA2_Validation_Files.xlsx]"&$A$2&"_"&$C$3&"_"&COLUMN(E$2)*100&"k_"&MID(CELL("filename",E6),FIND("]",CELL("filename",E6))+1,255)&"_"&$B$6&"'!H"&ROW(E7)) -> 1 | H11: =INDIRECT("'[CILA2_Validation_Files.xlsx]"&$A$2&"_"&$H$3&"_"&COLUMN(A$2)*100&"k_"&MID(CELL("filename",A6),FIND("]",CELL("filename",A6))+1,255)&"_"&$B$6&"'!H"&ROW(A7)) -> 1 | I11: =INDIRECT("'[CILA2_Validation_Files.xlsx]"&$A$2&"_"&$H$3&"_"&COLUMN(B$2)*100&"k_"&MID(CELL("filename",B6),FIND("]",CELL("filename",B6))+1,255)&"_"&$B$6&"'!H"&ROW(B7)) -> 1 | J11: =INDIRECT("'[CILA2_Validation_Files.xlsx]"&$A$2&"_"&$H$3&"_"&COLUMN(C$2)*100&"k_"&MID(CELL("filename",C6),FIND("]",CELL("filename",C6))+1,255)&"_"&$B$6&"'!H"&ROW(C7)) -> 1 | K11: =INDIRECT("'[CILA2_Validation_Files.xlsx]"&$A$2&"_"&$H$3&"_"&COLUMN(D$2)*100&"k_"&MID(CELL("filename",D6),FIND("]",CELL("filename",D6))+1,255)&"_"&$B$6&"'!H"&ROW(D7)) -> 1 | L11: =INDIRECT("'[CILA2_Validation_Files.xlsx]"&$A$2&"_"&$H$3&"_"&COLUMN(E$2)*100&"k_"&MID(CELL("filename",E6),FIND("]",CELL("filename",E6))+1,255)&"_"&$B$6&"'!H"&ROW(E7)) -> 1 | M11: =INDIRECT("'[CILA2_Validation_Files.xlsx]"&$A$2&"_"&$M$3&"_"&COLUMN(A$2)*100&"k_"&MID(CELL("filename",A6),FIND("]",CELL("filename",A6))+1,255)&"_"&$B$6&"'!H"&ROW(A7)) -> 1 | N11: =INDIRECT("'[CILA2_Validation_Files.xlsx]"&$A$2&"_"&$M$3&"_"&COLUMN(B$2)*100&"k_"&MID(CELL("filename",B6),FIND("]",CELL("filename",B6))+1,255)&"_"&$B$6&"'!H"&ROW(B7)) -> 1 | O11: =INDIRECT("'[CILA2_Validation_Files.xlsx]"&$A$2&"_"&$M$3&"_"&COLUMN(C$2)*100&"k_"&MID(CELL("filename",C6),FIND("]",CELL("filename",C6))+1,255)&"_"&$B$6&"'!H"&ROW(C7)) -> 1 | P11: =INDIRECT("'[CILA2_Validation_Files.xlsx]"&$A$2&"_"&$M$3&"_"&COLUMN(D$2)*100&"k_"&MID(CELL("filename",D6),FIND("]",CELL("filename",D6))+1,255)&"_"&$B$6&"'!H"&ROW(D7)) -> 1 | Q11: =INDIRECT("'[CILA2_Validation_Files.xlsx]"&$A$2&"_"&$M$3&"_"&COLUMN(E$2)*100&"k_"&MID(CELL("filename",E6),FIND("]",CELL("filename",E6))+1,255)&"_"&$B$6&"'!H"&ROW(E7)) -> 1 | R11: =INDIRECT("'[CILA2_Validation_Files.xlsx]"&$A$2&"_"&$R$3&"_"&COLUMN(A$2)*100&"k_"&MID(CELL("filename",A6),FIND("]",CELL("filename",A6))+1,255)&"_"&$B$6&"'!H"&ROW(A7)) -> 1 | S11: =INDIRECT("'[CILA2_Validation_Files.xlsx]"&$A$2&"_"&$R$3&"_"&COLUMN(B$2)*100&"k_"&MID(CELL("filename",B6),FIND("]",CELL("filename",B6))+1,255)&"_"&$B$6&"'!H"&ROW(B7)) -> 1 | T11: =INDIRECT("'[CILA2_Validation_Files.xlsx]"&$A$2&"_"&$R$3&"_"&COLUMN(C$2)*100&"k_"&MID(CELL("filename",C6),FIND("]",CELL("filename",C6))+1,255)&"_"&$B$6&"'!H"&ROW(C7)) -> 1 | U11: =INDIRECT("'[CILA2_Validation_Files.xlsx]"&$A$2&"_"&$R$3&"_"&COLUMN(D$2)*100&"k_"&MID(CELL("filename",D6),FIND("]",CELL("filename",D6))+1,255)&"_"&$B$6&"'!H"&ROW(D7)) -> 1 | V11: =INDIRECT("'[CILA2_Validation_Files.xlsx]"&$A$2&"_"&$R$3&"_"&COLUMN(E$2)*100&"k_"&MID(CELL("filename",E6),FIND("]",CELL("filename",E6))+1,255)&"_"&$B$6&"'!H"&ROW(E7)) -> 1 | W11: =INDIRECT("'[CILA2_Validation_Files.xlsx]"&$A$2&"_"&$W$3&"_"&COLUMN(A$2)*100&"k_"&MID(CELL("filename",A6),FIND("]",CELL("filename",A6))+1,255)&"_"&$B$6&"'!H"&ROW(A7)) -> 1 | X11: =INDIRECT("'[CILA2_Validation_Files.xlsx]"&$A$2&"_"&$W$3&"_"&COLUMN(B$2)*100&"k_"&MID(CELL("filename",B6),FIND("]",CELL("filename",B6))+1,255)&"_"&$B$6&"'!H"&ROW(B7)) -> 1 | Y11: =INDIRECT("'[CILA2_Validation_Files.xlsx]"&$A$2&"_"&$W$3&"_"&COLUMN(C$2)*100&"k_"&MID(CELL("filename",C6),FIND("]",CELL("filename",C6))+1,255)&"_"&$B$6&"'!H"&ROW(C7)) -> 1 | Z11: =INDIRECT("'[CILA2_Validation_Files.xlsx]"&$A$2&"_"&$W$3&"_"&COLUMN(D$2)*100&"k_"&MID(CELL("filename",D6),FIND("]",CELL("filename",D6))+1,255)&"_"&$B$6&"'!H"&ROW(D7)) -> 1 | AA11: =INDIRECT("'[CILA2_Validation_Files.xlsx]"&$A$2&"_"&$W$3&"_"&COLUMN(E$2)*100&"k_"&MID(CELL("filename",E6),FIND("]",CELL("filename",E6))+1,255)&"_"&$B$6&"'!H"&ROW(E7)) -> 1
A12: 7 | B12: one_turn | C12: =INDIRECT("'[CILA2_Validation_Files.xlsx]"&$A$2&"_"&$C$3&"_"&COLUMN(A$2)*100&"k_"&MID(CELL("filename",A1),FIND("]",CELL("filename",A1))+1,255)&"_"&$B$12&"'!H"&ROW(A2)) -> 0 | D12: =INDIRECT("'[CILA2_Validation_Files.xlsx]"&$A$2&"_"&$C$3&"_"&COLUMN(B$2)*100&"k_"&MID(CELL("filename",B1),FIND("]",CELL("filename",B1))+1,255)&"_"&$B$12&"'!H"&ROW(B2)) -> 0 | E12: =INDIRECT("'[CILA2_Validation_Files.xlsx]"&$A$2&"_"&$C$3&"_"&COLUMN(C$2)*100&"k_"&MID(CELL("filename",C1),FIND("]",CELL("filename",C1))+1,255)&"_"&$B$12&"'!H"&ROW(C2)) -> 1 | F12: =INDIRECT("'[CILA2_Validation_Files.xlsx]"&$A$2&"_"&$C$3&"_"&COLUMN(D$2)*100&"k_"&MID(CELL("filename",D1),FIND("]",CELL("filename",D1))+1,255)&"_"&$B$12&"'!H"&ROW(D2)) -> 0 | G12: =INDIRECT("'[CILA2_Validation_Files.xlsx]"&$A$2&"_"&$C$3&"_"&COLUMN(E$2)*100&"k_"&MID(CELL("filename",E1),FIND("]",CELL("filename",E1))+1,255)&"_"&$B$12&"'!H"&ROW(E2)) -> 1 | H12: =INDIRECT("'[CILA2_Validation_Files.xlsx]"&$A$2&"_"&$H$3&"_"&COLUMN(A$2)*100&"k_"&MID(CELL("filename",A1),FIND("]",CELL("filename",A1))+1,255)&"_"&$B$12&"'!H"&ROW(A2)) -> 1 | I12: =INDIRECT("'[CILA2_Validation_Files.xlsx]"&$A$2&"_"&$H$3&"_"&COLUMN(B$2)*100&"k_"&MID(CELL("filename",B1),FIND("]",CELL("filename",B1))+1,255)&"_"&$B$12&"'!H"&ROW(B2)) -> 1 | J12: =INDIRECT("'[CILA2_Validation_Files.xlsx]"&$A$2&"_"&$H$3&"_"&COLUMN(C$2)*100&"k_"&MID(CELL("filename",C1),FIND("]",CELL("filename",C1))+1,255)&"_"&$B$12&"'!H"&ROW(C2)) -> 1 | K12: =INDIRECT("'[CILA2_Validation_Files.xlsx]"&$A$2&"_"&$H$3&"_"&COLUMN(D$2)*100&"k_"&MID(CELL("filename",D1),FIND("]",CELL("filename",D1))+1,255)&"_"&$B$12&"'!H"&ROW(D2)) -> 1 | L12: =INDIRECT("'[CILA2_Validation_Files.xlsx]"&$A$2&"_"&$H$3&"_"&COLUMN(E$2)*100&"k_"&MID(CELL("filename",E1),FIND("]",CELL("filename",E1))+1,255)&"_"&$B$12&"'!H"&ROW(E2)) -> 1 | M12: =INDIRECT("'[CILA2_Validation_Files.xlsx]"&$A$2&"_"&$M$3&"_"&COLUMN(A$2)*100&"k_"&MID(CELL("filename",A1),FIND("]",CELL("filename",A1))+1,255)&"_"&$B$12&"'!H"&ROW(A2)) -> 1 | N12: =INDIRECT("'[CILA2_Validation_Files.xlsx]"&$A$2&"_"&$M$3&"_"&COLUMN(B$2)*100&"k_"&MID(CELL("filename",B1),FIND("]",CELL("filename",B1))+1,255)&"_"&$B$12&"'!H"&ROW(B2)) -> 1 | O12: =INDIRECT("'[CILA2_Validation_Files.xlsx]"&$A$2&"_"&$M$3&"_"&COLUMN(C$2)*100&"k_"&MID(CELL("filename",C1),FIND("]",CELL("filename",C1))+1,255)&"_"&$B$12&"'!H"&ROW(C2)) -> 0 | P12: =INDIRECT("'[CILA2_Validation_Files.xlsx]"&$A$2&"_"&$M$3&"_"&COLUMN(D$2)*100&"k_"&MID(CELL("filename",D1),FIND("]",CELL("filename",D1))+1,255)&"_"&$B$12&"'!H"&ROW(D2)) -> 0 | Q12: =INDIRECT("'[CILA2_Validation_Files.xlsx]"&$A$2&"_"&$M$3&"_"&COLUMN(E$2)*100&"k_"&MID(CELL("filename",E1),FIND("]",CELL("filename",E1))+1,255)&"_"&$B$12&"'!H"&ROW(E2)) -> 1 | R12: =INDIRECT("'[CILA2_Validation_Files.xlsx]"&$A$2&"_"&$R$3&"_"&COLUMN(A$2)*100&"k_"&MID(CELL("filename",A1),FIND("]",CELL("filename",A1))+1,255)&"_"&$B$12&"'!H"&ROW(A2)) -> 0 | S12: =INDIRECT("'[CILA2_Validation_Files.xlsx]"&$A$2&"_"&$R$3&"_"&COLUMN(B$2)*100&"k_"&MID(CELL("filename",B1),FIND("]",CELL("filename",B1))+1,255)&"_"&$B$12&"'!H"&ROW(B2)) -> 1 | T12: =INDIRECT("'[CILA2_Validation_Files.xlsx]"&$A$2&"_"&$R$3&"_"&COLUMN(C$2)*100&"k_"&MID(CELL("filename",C1),FIND("]",CELL("filename",C1))+1,255)&"_"&$B$12&"'!H"&ROW(C2)) -> 1 | U12: =INDIRECT("'[CILA2_Validation_Files.xlsx]"&$A$2&"_"&$R$3&"_"&COLUMN(D$2)*100&"k_"&MID(CELL("filename",D1),FIND("]",CELL("filename",D1))+1,255)&"_"&$B$12&"'!H"&ROW(D2)) -> 1 | V12: =INDIRECT("'[CILA2_Validation_Files.xlsx]"&$A$2&"_"&$R$3&"_"&COLUMN(E$2)*100&"k_"&MID(CELL("filename",E1),FIND("]",CELL("filename",E1))+1,255)&"_"&$B$12&"'!H"&ROW(E2)) -> 1 | W12: =INDIRECT("'[CILA2_Validation_Files.xlsx]"&$A$2&"_"&$W$3&"_"&COLUMN(A$2)*100&"k_"&MID(CELL("filename",A1),FIND("]",CELL("filename",A1))+1,255)&"_"&$B$12&"'!H"&ROW(A2)) -> 0 | X12: =INDIRECT("'[CILA2_Validation_Files.xlsx]"&$A$2&"_"&$W$3&"_"&COLUMN(B$2)*100&"k_"&MID(CELL("filename",B1),FIND("]",CELL("filename",B1))+1,255)&"_"&$B$12&"'!H"&ROW(B2)) -> 1 | Y12: =INDIRECT("'[CILA2_Validation_Files.xlsx]"&$A$2&"_"&$W$3&"_"&COLUMN(C$2)*100&"k_"&MID(CELL("filename",C1),FIND("]",CELL("filename",C1))+1,255)&"_"&$B$12&"'!H"&ROW(C2)) -> 1 | Z12: =INDIRECT("'[CILA2_Validation_Files.xlsx]"&$A$2&"_"&$W$3&"_"&COLUMN(D$2)*100&"k_"&MID(CELL("filename",D1),FIND("]",CELL("filename",D1))+1,255)&"_"&$B$12&"'!H"&ROW(D2)) -> 0 | AA12: =INDIRECT("'[CILA2_Validation_Files.xlsx]"&$A$2&"_"&$W$3&"_"&COLUMN(E$2)*100&"k_"&MID(CELL("filename",E1),FIND("]",CELL("filename",E1))+1,255)&"_"&$B$12&"'!H"&ROW(E2)) -> 1
A13: 8 | C13: =INDIRECT("'[CILA2_Validation_Files.xlsx]"&$A$2&"_"&$C$3&"_"&COLUMN(A$2)*100&"k_"&MID(CELL("filename",A2),FIND("]",CELL("filename",A2))+1,255)&"_"&$B$12&"'!H"&ROW(A3)) -> 0 | D13: =INDIRECT("'[CILA2_Validation_Files.xlsx]"&$A$2&"_"&$C$3&"_"&COLUMN(B$2)*100&"k_"&MID(CELL("filename",B2),FIND("]",CELL("filename",B2))+1,255)&"_"&$B$12&"'!H"&ROW(B3)) -> 0 | E13: =INDIRECT("'[CILA2_Validation_Files.xlsx]"&$A$2&"_"&$C$3&"_"&COLUMN(C$2)*100&"k_"&MID(CELL("filename",C2),FIND("]",CELL("filename",C2))+1,255)&"_"&$B$12&"'!H"&ROW(C3)) -> 1 | F13: =INDIRECT("'[CILA2_Validation_Files.xlsx]"&$A$2&"_"&$C$3&"_"&COLUMN(D$2)*100&"k_"&MID(CELL("filename",D2),FIND("]",CELL("filename",D2))+1,255)&"_"&$B$12&"'!H"&ROW(D3)) -> 1 | G13: =INDIRECT("'[CILA2_Validation_Files.xlsx]"&$A$2&"_"&$C$3&"_"&COLUMN(E$2)*100&"k_"&MID(CELL("filename",E2),FIND("]",CELL("filename",E2))+1,255)&"_"&$B$12&"'!H"&ROW(E3)) -> 1 | H13: =INDIRECT("'[CILA2_Validation_Files.xlsx]"&$A$2&"_"&$H$3&"_"&COLUMN(A$2)*100&"k_"&MID(CELL("filename",A2),FIND("]",CELL("filename",A2))+1,255)&"_"&$B$12&"'!H"&ROW(A3)) -> 1 | I13: =INDIRECT("'[CILA2_Validation_Files.xlsx]"&$A$2&"_"&$H$3&"_"&COLUMN(B$2)*100&"k_"&MID(CELL("filename",B2),FIND("]",CELL("filename",B2))+1,255)&"_"&$B$12&"'!H"&ROW(B3)) -> 0 | J13: =INDIRECT("'[CILA2_Validation_Files.xlsx]"&$A$2&"_"&$H$3&"_"&COLUMN(C$2)*100&"k_"&MID(CELL("filename",C2),FIND("]",CELL("filename",C2))+1,255)&"_"&$B$12&"'!H"&ROW(C3)) -> 0 | K13: =INDIRECT("'[CILA2_Validation_Files.xlsx]"&$A$2&"_"&$H$3&"_"&COLUMN(D$2)*100&"k_"&MID(CELL("filename",D2),FIND("]",CELL("filename",D2))+1,255)&"_"&$B$12&"'!H"&ROW(D3)) -> 1 | L13: =INDIRECT("'[CILA2_Validation_Files.xlsx]"&$A$2&"_"&$H$3&"_"&COLUMN(E$2)*100&"k_"&MID(CELL("filename",E2),FIND("]",CELL("filename",E2))+1,255)&"_"&$B$12&"'!H"&ROW(E3)) -> 1 | M13: =INDIRECT("'[CILA2_Validation_Files.xlsx]"&$A$2&"_"&$M$3&"_"&COLUMN(A$2)*100&"k_"&MID(CELL("filename",A2),FIND("]",CELL("filename",A2))+1,255)&"_"&$B$12&"'!H"&ROW(A3)) -> 0 | N13: =INDIRECT("'[CILA2_Validation_Files.xlsx]"&$A$2&"_"&$M$3&"_"&COLUMN(B$2)*100&"k_"&MID(CELL("filename",B2),FIND("]",CELL("filename",B2))+1,255)&"_"&$B$12&"'!H"&ROW(B3)) -> 1 | O13: =INDIRECT("'[CILA2_Validation_Files.xlsx]"&$A$2&"_"&$M$3&"_"&COLUMN(C$2)*100&"k_"&MID(CELL("filename",C2),FIND("]",CELL("filename",C2))+1,255)&"_"&$B$12&"'!H"&ROW(C3)) -> 1 | P13: =INDIRECT("'[CILA2_Validation_Files.xlsx]"&$A$2&"_"&$M$3&"_"&COLUMN(D$2)*100&"k_"&MID(CELL("filename",D2),FIND("]",CELL("filename",D2))+1,255)&"_"&$B$12&"'!H"&ROW(D3)) -> 0 | Q13: =INDIRECT("'[CILA2_Validation_Files.xlsx]"&$A$2&"_"&$M$3&"_"&COLUMN(E$2)*100&"k_"&MID(CELL("filename",E2),FIND("]",CELL("filename",E2))+1,255)&"_"&$B$12&"'!H"&ROW(E3)) -> 1 | R13: =INDIRECT("'[CILA2_Validation_Files.xlsx]"&$A$2&"_"&$R$3&"_"&COLUMN(A$2)*100&"k_"&MID(CELL("filename",A2),FIND("]",CELL("filename",A2))+1,255)&"_"&$B$12&"'!H"&ROW(A3)) -> 1 | S13: =INDIRECT("'[CILA2_Validation_Files.xlsx]"&$A$2&"_"&$R$3&"_"&COLUMN(B$2)*100&"k_"&MID(CELL("filename",B2),FIND("]",CELL("filename",B2))+1,255)&"_"&$B$12&"'!H"&ROW(B3)) -> 1 | T13: =INDIRECT("'[CILA2_Validation_Files.xlsx]"&$A$2&"_"&$R$3&"_"&COLUMN(C$2)*100&"k_"&MID(CELL("filename",C2),FIND("]",CELL("filename",C2))+1,255)&"_"&$B$12&"'!H"&ROW(C3)) -> 0 | U13: =INDIRECT("'[CILA2_Validation_Files.xlsx]"&$A$2&"_"&$R$3&"_"&COLUMN(D$2)*100&"k_"&MID(CELL("filename",D2),FIND("]",CELL("filename",D2))+1,255)&"_"&$B$12&"'!H"&ROW(D3)) -> 0 | V13: =INDIRECT("'[CILA2_Validation_Files.xlsx]"&$A$2&"_"&$R$3&"_"&COLUMN(E$2)*100&"k_"&MID(CELL("filename",E2),FIND("]",CELL("filename",E2))+1,255)&"_"&$B$12&"'!H"&ROW(E3)) -> 1 | W13: =INDIRECT("'[CILA2_Validation_Files.xlsx]"&$A$2&"_"&$W$3&"_"&COLUMN(A$2)*100&"k_"&MID(CELL("filename",A2),FIND("]",CELL("filename",A2))+1,255)&"_"&$B$12&"'!H"&ROW(A3)) -> 1 | X13: =INDIRECT("'[CILA2_Validation_Files.xlsx]"&$A$2&"_"&$W$3&"_"&COLUMN(B$2)*100&"k_"&MID(CELL("filename",B2),FIND("]",CELL("filename",B2))+1,255)&"_"&$B$12&"'!H"&ROW(B3)) -> 0 | Y13: =INDIRECT("'[CILA2_Validation_Files.xlsx]"&$A$2&"_"&$W$3&"_"&COLUMN(C$2)*100&"k_"&MID(CELL("filename",C2),FIND("]",CELL("filename",C2))+1,255)&"_"&$B$12&"'!H"&ROW(C3)) -> 1 | Z13: =INDIRECT("'[CILA2_Validation_Files.xlsx]"&$A$2&"_"&$W$3&"_"&COLUMN(D$2)*100&"k_"&MID(CELL("filename",D2),FIND("]",CELL("filename",D2))+1,255)&"_"&$B$12&"'!H"&ROW(D3)) -> 1 | AA13: =INDIRECT("'[CILA2_Validation_Files.xlsx]"&$A$2&"_"&$W$3&"_"&COLUMN(E$2)*100&"k_"&MID(CELL("filename",E2),FIND("]",CELL("filename",E2))+1,255)&"_"&$B$12&"'!H"&ROW(E3)) -> 1
A14: 9 | C14: =INDIRECT("'[CILA2_Validation_Files.xlsx]"&$A$2&"_"&$C$3&"_"&COLUMN(A$2)*100&"k_"&MID(CELL("filename",A3),FIND("]",CELL("filename",A3))+1,255)&"_"&$B$12&"'!H"&ROW(A4)) -> 1 | D14: =INDIRECT("'[CILA2_Validation_Files.xlsx]"&$A$2&"_"&$C$3&"_"&COLUMN(B$2)*100&"k_"&MID(CELL("filename",B3),FIND("]",CELL("filename",B3))+1,255)&"_"&$B$12&"'!H"&ROW(B4)) -> 1 | E14: =INDIRECT("'[CILA2_Validation_Files.xlsx]"&$A$2&"_"&$C$3&"_"&COLUMN(C$2)*100&"k_"&MID(CELL("filename",C3),FIND("]",CELL("filename",C3))+1,255)&"_"&$B$12&"'!H"&ROW(C4)) -> 1 | F14: =INDIRECT("'[CILA2_Validation_Files.xlsx]"&$A$2&"_"&$C$3&"_"&COLUMN(D$2)*100&"k_"&MID(CELL("filename",D3),FIND("]",CELL("filename",D3))+1,255)&"_"&$B$12&"'!H"&ROW(D4)) -> 0 | G14: =INDIRECT("'[CILA2_Validation_Files.xlsx]"&$A$2&"_"&$C$3&"_"&COLUMN(E$2)*100&"k_"&MID(CELL("filename",E3),FIND("]",CELL("filename",E3))+1,255)&"_"&$B$12&"'!H"&ROW(E4)) -> 1 | H14: =INDIRECT("'[CILA2_Validation_Files.xlsx]"&$A$2&"_"&$H$3&"_"&COLUMN(A$2)*100&"k_"&MID(CELL("filename",A3),FIND("]",CELL("filename",A3))+1,255)&"_"&$B$12&"'!H"&ROW(A4)) -> 1 | I14: =INDIRECT("'[CILA2_Validation_Files.xlsx]"&$A$2&"_"&$H$3&"_"&COLUMN(B$2)*100&"k_"&MID(CELL("filename",B3),FIND("]",CELL("filename",B3))+1,255)&"_"&$B$12&"'!H"&ROW(B4)) -> 1 | J14: =INDIRECT("'[CILA2_Validation_Files.xlsx]"&$A$2&"_"&$H$3&"_"&COLUMN(C$2)*100&"k_"&MID(CELL("filename",C3),FIND("]",CELL("filename",C3))+1,255)&"_"&$B$12&"'!H"&ROW(C4)) -> 1 | K14: =INDIRECT("'[CILA2_Validation_Files.xlsx]"&$A$2&"_"&$H$3&"_"&COLUMN(D$2)*100&"k_"&MID(CELL("filename",D3),FIND("]",CELL("filename",D3))+1,255)&"_"&$B$12&"'!H"&ROW(D4)) -> 1 | L14: =INDIRECT("'[CILA2_Validation_Files.xlsx]"&$A$2&"_"&$H$3&"_"&COLUMN(E$2)*100&"k_"&MID(CELL("filename",E3),FIND("]",CELL("filename",E3))+1,255)&"_"&$B$12&"'!H"&ROW(E4)) -> 1 | M14: =INDIRECT("'[CILA2_Validation_Files.xlsx]"&$A$2&"_"&$M$3&"_"&COLUMN(A$2)*100&"k_"&MID(CELL("filename",A3),FIND("]",CELL("filename",A3))+1,255)&"_"&$B$12&"'!H"&ROW(A4)) -> 0 | N14: =INDIRECT("'[CILA2_Validation_Files.xlsx]"&$A$2&"_"&$M$3&"_"&COLUMN(B$2)*100&"k_"&MID(CELL("filename",B3),FIND("]",CELL("filename",B3))+1,255)&"_"&$B$12&"'!H"&ROW(B4)) -> 0 | O14: =INDIRECT("'[CILA2_Validation_Files.xlsx]"&$A$2&"_"&$M$3&"_"&COLUMN(C$2)*100&"k_"&MID(CELL("filename",C3),FIND("]",CELL("filename",C3))+1,255)&"_"&$B$12&"'!H"&ROW(C4)) -> 1 | P14: =INDIRECT("'[CILA2_Validation_Files.xlsx]"&$A$2&"_"&$M$3&"_"&COLUMN(D$2)*100&"k_"&MID(CELL("filename",D3),FIND("]",CELL("filename",D3))+1,255)&"_"&$B$12&"'!H"&ROW(D4)) -> 1 | Q14: =INDIRECT("'[CILA2_Validation_Files.xlsx]"&$A$2&"_"&$M$3&"_"&COLUMN(E$2)*100&"k_"&MID(CELL("filename",E3),FIND("]",CELL("filename",E3))+1,255)&"_"&$B$12&"'!H"&ROW(E4)) -> 0 | R14: =INDIRECT("'[CILA2_Validation_Files.xlsx]"&$A$2&"_"&$R$3&"_"&COLUMN(A$2)*100&"k_"&MID(CELL("filename",A3),FIND("]",CELL("filename",A3))+1,255)&"_"&$B$12&"'!H"&ROW(A4)) -> 1 | S14: =INDIRECT("'[CILA2_Validation_Files.xlsx]"&$A$2&"_"&$R$3&"_"&COLUMN(B$2)*100&"k_"&MID(CELL("filename",B3),FIND("]",CELL("filename",B3))+1,255)&"_"&$B$12&"'!H"&ROW(B4)) -> 1 | T14: =INDIRECT("'[CILA2_Validation_Files.xlsx]"&$A$2&"_"&$R$3&"_"&COLUMN(C$2)*100&"k_"&MID(CELL("filename",C3),FIND("]",CELL("filename",C3))+1,255)&"_"&$B$12&"'!H"&ROW(C4)) -> 1 | U14: =INDIRECT("'[CILA2_Validation_Files.xlsx]"&$A$2&"_"&$R$3&"_"&COLUMN(D$2)*100&"k_"&MID(CELL("filename",D3),FIND("]",CELL("filename",D3))+1,255)&"_"&$B$12&"'!H"&ROW(D4)) -> 0 | V14: =INDIRECT("'[CILA2_Validation_Files.xlsx]"&$A$2&"_"&$R$3&"_"&COLUMN(E$2)*100&"k_"&MID(CELL("filename",E3),FIND("]",CELL("filename",E3))+1,255)&"_"&$B$12&"'!H"&ROW(E4)) -> 0 | W14: =INDIRECT("'[CILA2_Validation_Files.xlsx]"&$A$2&"_"&$W$3&"_"&COLUMN(A$2)*100&"k_"&MID(CELL("filename",A3),FIND("]",CELL("filename",A3))+1,255)&"_"&$B$12&"'!H"&ROW(A4)) -> 0 | X14: =INDIRECT("'[CILA2_Validation_Files.xlsx]"&$A$2&"_"&$W$3&"_"&COLUMN(B$2)*100&"k_"&MID(CELL("filename",B3),FIND("]",CELL("filename",B3))+1,255)&"_"&$B$12&"'!H"&ROW(B4)) -> 1 | Y14: =INDIRECT("'[CILA2_Validation_Files.xlsx]"&$A$2&"_"&$W$3&"_"&COLUMN(C$2)*100&"k_"&MID(CELL("filename",C3),FIND("]",CELL("filename",C3))+1,255)&"_"&$B$12&"'!H"&ROW(C4)) -> 1 | Z14: =INDIRECT("'[CILA2_Validation_Files.xlsx]"&$A$2&"_"&$W$3&"_"&COLUMN(D$2)*100&"k_"&MID(CELL("filename",D3),FIND("]",CELL("filename",D3))+1,255)&"_"&$B$12&"'!H"&ROW(D4)) -> 1 | AA14: =INDIRECT("'[CILA2_Validation_Files.xlsx]"&$A$2&"_"&$W$3&"_"&COLUMN(E$2)*100&"k_"&MID(CELL("filename",E3),FIND("]",CELL("filename",E3))+1,255)&"_"&$B$12&"'!H"&ROW(E4)) -> 0
A15: 10 | C15: =INDIRECT("'[CILA2_Validation_Files.xlsx]"&$A$2&"_"&$C$3&"_"&COLUMN(A$2)*100&"k_"&MID(CELL("filename",A4),FIND("]",CELL("filename",A4))+1,255)&"_"&$B$12&"'!H"&ROW(A5)) -> 0 | D15: =INDIRECT("'[CILA2_Validation_Files.xlsx]"&$A$2&"_"&$C$3&"_"&COLUMN(B$2)*100&"k_"&MID(CELL("filename",B4),FIND("]",CELL("filename",B4))+1,255)&"_"&$B$12&"'!H"&ROW(B5)) -> 1 | E15: =INDIRECT("'[CILA2_Validation_Files.xlsx]"&$A$2&"_"&$C$3&"_"&COLUMN(C$2)*100&"k_"&MID(CELL("filename",C4),FIND("]",CELL("filename",C4))+1,255)&"_"&$B$12&"'!H"&ROW(C5)) -> 0 | F15: =INDIRECT("'[CILA2_Validation_Files.xlsx]"&$A$2&"_"&$C$3&"_"&COLUMN(D$2)*100&"k_"&MID(CELL("filename",D4),FIND("]",CELL("filename",D4))+1,255)&"_"&$B$12&"'!H"&ROW(D5)) -> 1 | G15: =INDIRECT("'[CILA2_Validation_Files.xlsx]"&$A$2&"_"&$C$3&"_"&COLUMN(E$2)*100&"k_"&MID(CELL("filename",E4),FIND("]",CELL("filename",E4))+1,255)&"_"&$B$12&"'!H"&ROW(E5)) -> 1 | H15: =INDIRECT("'[CILA2_Validation_Files.xlsx]"&$A$2&"_"&$H$3&"_"&COLUMN(A$2)*100&"k_"&MID(CELL("filename",A4),FIND("]",CELL("filename",A4))+1,255)&"_"&$B$12&"'!H"&ROW(A5)) -> 0 | I15: =INDIRECT("'[CILA2_Validation_Files.xlsx]"&$A$2&"_"&$H$3&"_"&COLUMN(B$2)*100&"k_"&MID(CELL("filename",B4),FIND("]",CELL("filename",B4))+1,255)&"_"&$B$12&"'!H"&ROW(B5)) -> 1 | J15: =INDIRECT("'[CILA2_Validation_Files.xlsx]"&$A$2&"_"&$H$3&"_"&COLUMN(C$2)*100&"k_"&MID(CELL("filename",C4),FIND("]",CELL("filename",C4))+1,255)&"_"&$B$12&"'!H"&ROW(C5)) -> 0 | K15: =INDIRECT("'[CILA2_Validation_Files.xlsx]"&$A$2&"_"&$H$3&"_"&COLUMN(D$2)*100&"k_"&MID(CELL("filename",D4),FIND("]",CELL("filename",D4))+1,255)&"_"&$B$12&"'!H"&ROW(D5)) -> 1 | L15: =INDIRECT("'[CILA2_Validation_Files.xlsx]"&$A$2&"_"&$H$3&"_"&COLUMN(E$2)*100&"k_"&MID(CELL("filename",E4),FIND("]",CELL("filename",E4))+1,255)&"_"&$B$12&"'!H"&ROW(E5)) -> 1 | M15: =INDIRECT("'[CILA2_Validation_Files.xlsx]"&$A$2&"_"&$M$3&"_"&COLUMN(A$2)*100&"k_"&MID(CELL("filename",A4),FIND("]",CELL("filename",A4))+1,255)&"_"&$B$12&"'!H"&ROW(A5)) -> 1 | N15: =INDIRECT("'[CILA2_Validation_Files.xlsx]"&$A$2&"_"&$M$3&"_"&COLUMN(B$2)*100&"k_"&MID(CELL("filename",B4),FIND("]",CELL("filename",B4))+1,255)&"_"&$B$12&"'!H"&ROW(B5)) -> 1 | O15: =INDIRECT("'[CILA2_Validation_Files.xlsx]"&$A$2&"_"&$M$3&"_"&COLUMN(C$2)*100&"k_"&MID(CELL("filename",C4),FIND("]",CELL("filename",C4))+1,255)&"_"&$B$12&"'!H"&ROW(C5)) -> 1 | P15: =INDIRECT("'[CILA2_Validation_Files.xlsx]"&$A$2&"_"&$M$3&"_"&COLUMN(D$2)*100&"k_"&MID(CELL("filename",D4),FIND("]",CELL("filename",D4))+1,255)&"_"&$B$12&"'!H"&ROW(D5)) -> 1 | Q15: =INDIRECT("'[CILA2_Validation_Files.xlsx]"&$A$2&"_"&$M$3&"_"&COLUMN(E$2)*100&"k_"&MID(CELL("filename",E4),FIND("]",CELL("filename",E4))+1,255)&"_"&$B$12&"'!H"&ROW(E5)) -> 1 | R15: =INDIRECT("'[CILA2_Validation_Files.xlsx]"&$A$2&"_"&$R$3&"_"&COLUMN(A$2)*100&"k_"&MID(CELL("filename",A4),FIND("]",CELL("filename",A4))+1,255)&"_"&$B$12&"'!H"&ROW(A5)) -> 1 | S15: =INDIRECT("'[CILA2_Validation_Files.xlsx]"&$A$2&"_"&$R$3&"_"&COLUMN(B$2)*100&"k_"&MID(CELL("filename",B4),FIND("]",CELL("filename",B4))+1,255)&"_"&$B$12&"'!H"&ROW(B5)) -> 1 | T15: =INDIRECT("'[CILA2_Validation_Files.xlsx]"&$A$2&"_"&$R$3&"_"&COLUMN(C$2)*100&"k_"&MID(CELL("filename",C4),FIND("]",CELL("filename",C4))+1,255)&"_"&$B$12&"'!H"&ROW(C5)) -> 0 | U15: =INDIRECT("'[CILA2_Validation_Files.xlsx]"&$A$2&"_"&$R$3&"_"&COLUMN(D$2)*100&"k_"&MID(CELL("filename",D4),FIND("]",CELL("filename",D4))+1,255)&"_"&$B$12&"'!H"&ROW(D5)) -> 1 | V15: =INDIRECT("'[CILA2_Validation_Files.xlsx]"&$A$2&"_"&$R$3&"_"&COLUMN(E$2)*100&"k_"&MID(CELL("filename",E4),FIND("]",CELL("filename",E4))+1,255)&"_"&$B$12&"'!H"&ROW(E5)) -> 1 | W15: =INDIRECT("'[CILA2_Validation_Files.xlsx]"&$A$2&"_"&$W$3&"_"&COLUMN(A$2)*100&"k_"&MID(CELL("filename",A4),FIND("]",CELL("filename",A4))+1,255)&"_"&$B$12&"'!H"&ROW(A5)) -> 1 | X15: =INDIRECT("'[CILA2_Validation_Files.xlsx]"&$A$2&"_"&$W$3&"_"&COLUMN(B$2)*100&"k_"&MID(CELL("filename",B4),FIND("]",CELL("filename",B4))+1,255)&"_"&$B$12&"'!H"&ROW(B5)) -> 0 | Y15: =INDIRECT("'[CILA2_Validation_Files.xlsx]"&$A$2&"_"&$W$3&"_"&COLUMN(C$2)*100&"k_"&MID(CELL("filename",C4),FIND("]",CELL("filename",C4))+1,255)&"_"&$B$12&"'!H"&ROW(C5)) -> 0 | Z15: =INDIRECT("'[CILA2_Validation_Files.xlsx]"&$A$2&"_"&$W$3&"_"&COLUMN(D$2)*100&"k_"&MID(CELL("filename",D4),FIND("]",CELL("filename",D4))+1,255)&"_"&$B$12&"'!H"&ROW(D5)) -> 1 | AA15: =INDIRECT("'[CILA2_Validation_Files.xlsx]"&$A$2&"_"&$W$3&"_"&COLUMN(E$2)*100&"k_"&MID(CELL("filename",E4),FIND("]",CELL("filename",E4))+1,255)&"_"&$B$12&"'!H"&ROW(E5)) -> 1
A16: 11 | C16: =INDIRECT("'[CILA2_Validation_Files.xlsx]"&$A$2&"_"&$C$3&"_"&COLUMN(A$2)*100&"k_"&MID(CELL("filename",A5),FIND("]",CELL("filename",A5))+1,255)&"_"&$B$12&"'!H"&ROW(A6)) -> 0 | D16: =INDIRECT("'[CILA2_Validation_Files.xlsx]"&$A$2&"_"&$C$3&"_"&COLUMN(B$2)*100&"k_"&MID(CELL("filename",B5),FIND("]",CELL("filename",B5))+1,255)&"_"&$B$12&"'!H"&ROW(B6)) -> 1 | E16: =INDIRECT("'[CILA2_Validation_Files.xlsx]"&$A$2&"_"&$C$3&"_"&COLUMN(C$2)*100&"k_"&MID(CELL("filename",C5),FIND("]",CELL("filename",C5))+1,255)&"_"&$B$12&"'!H"&ROW(C6)) -> 1 | F16: =INDIRECT("'[CILA2_Validation_Files.xlsx]"&$A$2&"_"&$C$3&"_"&COLUMN(D$2)*100&"k_"&MID(CELL("filename",D5),FIND("]",CELL("filename",D5))+1,255)&"_"&$B$12&"'!H"&ROW(D6)) -> 1 | G16: =INDIRECT("'[CILA2_Validation_Files.xlsx]"&$A$2&"_"&$C$3&"_"&COLUMN(E$2)*100&"k_"&MID(CELL("filename",E5),FIND("]",CELL("filename",E5))+1,255)&"_"&$B$12&"'!H"&ROW(E6)) -> 1 | H16: =INDIRECT("'[CILA2_Validation_Files.xlsx]"&$A$2&"_"&$H$3&"_"&COLUMN(A$2)*100&"k_"&MID(CELL("filename",A5),FIND("]",CELL("filename",A5))+1,255)&"_"&$B$12&"'!H"&ROW(A6)) -> 1 | I16: =INDIRECT("'[CILA2_Validation_Files.xlsx]"&$A$2&"_"&$H$3&"_"&COLUMN(B$2)*100&"k_"&MID(CELL("filename",B5),FIND("]",CELL("filename",B5))+1,255)&"_"&$B$12&"'!H"&ROW(B6)) -> 0 | J16: =INDIRECT("'[CILA2_Validation_Files.xlsx]"&$A$2&"_"&$H$3&"_"&COLUMN(C$2)*100&"k_"&MID(CELL("filename",C5),FIND("]",CELL("filename",C5))+1,255)&"_"&$B$12&"'!H"&ROW(C6)) -> 1 | K16: =INDIRECT("'[CILA2_Validation_Files.xlsx]"&$A$2&"_"&$H$3&"_"&COLUMN(D$2)*100&"k_"&MID(CELL("filename",D5),FIND("]",CELL("filename",D5))+1,255)&"_"&$B$12&"'!H"&ROW(D6)) -> 1 | L16: =INDIRECT("'[CILA2_Validation_Files.xlsx]"&$A$2&"_"&$H$3&"_"&COLUMN(E$2)*100&"k_"&MID(CELL("filename",E5),FIND("]",CELL("filename",E5))+1,255)&"_"&$B$12&"'!H"&ROW(E6)) -> 0 | M16: =INDIRECT("'[CILA2_Validation_Files.xlsx]"&$A$2&"_"&$M$3&"_"&COLUMN(A$2)*100&"k_"&MID(CELL("filename",A5),FIND("]",CELL("filename",A5))+1,255)&"_"&$B$12&"'!H"&ROW(A6)) -> 1 | N16: =INDIRECT("'[CILA2_Validation_Files.xlsx]"&$A$2&"_"&$M$3&"_"&COLUMN(B$2)*100&"k_"&MID(CELL("filename",B5),FIND("]",CELL("filename",B5))+1,255)&"_"&$B$12&"'!H"&ROW(B6)) -> 1 | O16: =INDIRECT("'[CILA2_Validation_Files.xlsx]"&$A$2&"_"&$M$3&"_"&COLUMN(C$2)*100&"k_"&MID(CELL("filename",C5),FIND("]",CELL("filename",C5))+1,255)&"_"&$B$12&"'!H"&ROW(C6)) -> 1 | P16: =INDIRECT("'[CILA2_Validation_Files.xlsx]"&$A$2&"_"&$M$3&"_"&COLUMN(D$2)*100&"k_"&MID(CELL("filename",D5),FIND("]",CELL("filename",D5))+1,255)&"_"&$B$12&"'!H"&ROW(D6)) -> 1 | Q16: =INDIRECT("'[CILA2_Validation_Files.xlsx]"&$A$2&"_"&$M$3&"_"&COLUMN(E$2)*100&"k_"&MID(CELL("filename",E5),FIND("]",CELL("filename",E5))+1,255)&"_"&$B$12&"'!H"&ROW(E6)) -> 1 | R16: =INDIRECT("'[CILA2_Validation_Files.xlsx]"&$A$2&"_"&$R$3&"_"&COLUMN(A$2)*100&"k_"&MID(CELL("filename",A5),FIND("]",CELL("filename",A5))+1,255)&"_"&$B$12&"'!H"&ROW(A6)) -> 0 | S16: =INDIRECT("'[CILA2_Validation_Files.xlsx]"&$A$2&"_"&$R$3&"_"&COLUMN(B$2)*100&"k_"&MID(CELL("filename",B5),FIND("]",CELL("filename",B5))+1,255)&"_"&$B$12&"'!H"&ROW(B6)) -> 1 | T16: =INDIRECT("'[CILA2_Validation_Files.xlsx]"&$A$2&"_"&$R$3&"_"&COLUMN(C$2)*100&"k_"&MID(CELL("filename",C5),FIND("]",CELL("filename",C5))+1,255)&"_"&$B$12&"'!H"&ROW(C6)) -> 0 | U16: =INDIRECT("'[CILA2_Validation_Files.xlsx]"&$A$2&"_"&$R$3&"_"&COLUMN(D$2)*100&"k_"&MID(CELL("filename",D5),FIND("]",CELL("filename",D5))+1,255)&"_"&$B$12&"'!H"&ROW(D6)) -> 1 | V16: =INDIRECT("'[CILA2_Validation_Files.xlsx]"&$A$2&"_"&$R$3&"_"&COLUMN(E$2)*100&"k_"&MID(CELL("filename",E5),FIND("]",CELL("filename",E5))+1,255)&"_"&$B$12&"'!H"&ROW(E6)) -> 1 | W16: =INDIRECT("'[CILA2_Validation_Files.xlsx]"&$A$2&"_"&$W$3&"_"&COLUMN(A$2)*100&"k_"&MID(CELL("filename",A5),FIND("]",CELL("filename",A5))+1,255)&"_"&$B$12&"'!H"&ROW(A6)) -> 0 | X16: =INDIRECT("'[CILA2_Validation_Files.xlsx]"&$A$2&"_"&$W$3&"_"&COLUMN(B$2)*100&"k_"&MID(CELL("filename",B5),FIND("]",CELL("filename",B5))+1,255)&"_"&$B$12&"'!H"&ROW(B6)) -> 1 | Y16: =INDIRECT("'[CILA2_Validation_Files.xlsx]"&$A$2&"_"&$W$3&"_"&COLUMN(C$2)*100&"k_"&MID(CELL("filename",C5),FIND("]",CELL("filename",C5))+1,255)&"_"&$B$12&"'!H"&ROW(C6)) -> 1 | Z16: =INDIRECT("'[CILA2_Validation_Files.xlsx]"&$A$2&"_"&$W$3&"_"&COLUMN(D$2)*100&"k_"&MID(CELL("filename",D5),FIND("]",CELL("filename",D5))+1,255)&"_"&$B$12&"'!H"&ROW(D6)) -> 1 | AA16: =INDIRECT("'[CILA2_Validation_Files.xlsx]"&$A$2&"_"&$W$3&"_"&COLUMN(E$2)*100&"k_"&MID(CELL("filename",E5),FIND("]",CELL("filename",E5))+1,255)&"_"&$B$12&"'!H"&ROW(E6)) -> 0
A17: 12 | C17: =INDIRECT("'[CILA2_Validation_Files.xlsx]"&$A$2&"_"&$C$3&"_"&COLUMN(A$2)*100&"k_"&MID(CELL("filename",A6),FIND("]",CELL("filename",A6))+1,255)&"_"&$B$12&"'!H"&ROW(A7)) -> 0 | D17: =INDIRECT("'[CILA2_Validation_Files.xlsx]"&$A$2&"_"&$C$3&"_"&COLUMN(B$2)*100&"k_"&MID(CELL("filename",B6),FIND("]",CELL("filename",B6))+1,255)&"_"&$B$12&"'!H"&ROW(B7)) -> 1 | E17: =INDIRECT("'[CILA2_Validation_Files.xlsx]"&$A$2&"_"&$C$3&"_"&COLUMN(C$2)*100&"k_"&MID(CELL("filename",C6),FIND("]",CELL("filename",C6))+1,255)&"_"&$B$12&"'!H"&ROW(C7)) -> 1 | F17: =INDIRECT("'[CILA2_Validation_Files.xlsx]"&$A$2&"_"&$C$3&"_"&COLUMN(D$2)*100&"k_"&MID(CELL("filename",D6),FIND("]",CELL("filename",D6))+1,255)&"_"&$B$12&"'!H"&ROW(D7)) -> 1 | G17: =INDIRECT("'[CILA2_Validation_Files.xlsx]"&$A$2&"_"&$C$3&"_"&COLUMN(E$2)*100&"k_"&MID(CELL("filename",E6),FIND("]",CELL("filename",E6))+1,255)&"_"&$B$12&"'!H"&ROW(E7)) -> 0 | H17: =INDIRECT("'[CILA2_Validation_Files.xlsx]"&$A$2&"_"&$H$3&"_"&COLUMN(A$2)*100&"k_"&MID(CELL("filename",A6),FIND("]",CELL("filename",A6))+1,255)&"_"&$B$12&"'!H"&ROW(A7)) -> 1 | I17: =INDIRECT("'[CILA2_Validation_Files.xlsx]"&$A$2&"_"&$H$3&"_"&COLUMN(B$2)*100&"k_"&MID(CELL("filename",B6),FIND("]",CELL("filename",B6))+1,255)&"_"&$B$12&"'!H"&ROW(B7)) -> 1 | J17: =INDIRECT("'[CILA2_Validation_Files.xlsx]"&$A$2&"_"&$H$3&"_"&COLUMN(C$2)*100&"k_"&MID(CELL("filename",C6),FIND("]",CELL("filename",C6))+1,255)&"_"&$B$12&"'!H"&ROW(C7)) -> 1 | K17: =INDIRECT("'[CILA2_Validation_Files.xlsx]"&$A$2&"_"&$H$3&"_"&COLUMN(D$2)*100&"k_"&MID(CELL("filename",D6),FIND("]",CELL("filename",D6))+1,255)&"_"&$B$12&"'!H"&ROW(D7)) -> 0 | L17: =INDIRECT("'[CILA2_Validation_Files.xlsx]"&$A$2&"_"&$H$3&"_"&COLUMN(E$2)*100&"k_"&MID(CELL("filename",E6),FIND("]",CELL("filename",E6))+1,255)&"_"&$B$12&"'!H"&ROW(E7)) -> 1 | M17: =INDIRECT("'[CILA2_Validation_Files.xlsx]"&$A$2&"_"&$M$3&"_"&COLUMN(A$2)*100&"k_"&MID(CELL("filename",A6),FIND("]",CELL("filename",A6))+1,255)&"_"&$B$12&"'!H"&ROW(A7)) -> 1 | N17: =INDIRECT("'[CILA2_Validation_Files.xlsx]"&$A$2&"_"&$M$3&"_"&COLUMN(B$2)*100&"k_"&MID(CELL("filename",B6),FIND("]",CELL("filename",B6))+1,255)&"_"&$B$12&"'!H"&ROW(B7)) -> 1 | O17: =INDIRECT("'[CILA2_Validation_Files.xlsx]"&$A$2&"_"&$M$3&"_"&COLUMN(C$2)*100&"k_"&MID(CELL("filename",C6),FIND("]",CELL("filename",C6))+1,255)&"_"&$B$12&"'!H"&ROW(C7)) -> 1 | P17: =INDIRECT("'[CILA2_Validation_Files.xlsx]"&$A$2&"_"&$M$3&"_"&COLUMN(D$2)*100&"k_"&MID(CELL("filename",D6),FIND("]",CELL("filename",D6))+1,255)&"_"&$B$12&"'!H"&ROW(D7)) -> 0 | Q17: =INDIRECT("'[CILA2_Validation_Files.xlsx]"&$A$2&"_"&$M$3&"_"&COLUMN(E$2)*100&"k_"&MID(CELL("filename",E6),FIND("]",CELL("filename",E6))+1,255)&"_"&$B$12&"'!H"&ROW(E7)) -> 0 | R17: =INDIRECT("'[CILA2_Validation_Files.xlsx]"&$A$2&"_"&$R$3&"_"&COLUMN(A$2)*100&"k_"&MID(CELL("filename",A6),FIND("]",CELL("filename",A6))+1,255)&"_"&$B$12&"'!H"&ROW(A7)) -> 1 | S17: =INDIRECT("'[CILA2_Validation_Files.xlsx]"&$A$2&"_"&$R$3&"_"&COLUMN(B$2)*100&"k_"&MID(CELL("filename",B6),FIND("]",CELL("filename",B6))+1,255)&"_"&$B$12&"'!H"&ROW(B7)) -> 1 | T17: =INDIRECT("'[CILA2_Validation_Files.xlsx]"&$A$2&"_"&$R$3&"_"&COLUMN(C$2)*100&"k_"&MID(CELL("filename",C6),FIND("]",CELL("filename",C6))+1,255)&"_"&$B$12&"'!H"&ROW(C7)) -> 1 | U17: =INDIRECT("'[CILA2_Validation_Files.xlsx]"&$A$2&"_"&$R$3&"_"&COLUMN(D$2)*100&"k_"&MID(CELL("filename",D6),FIND("]",CELL("filename",D6))+1,255)&"_"&$B$12&"'!H"&ROW(D7)) -> 1 | V17: =INDIRECT("'[CILA2_Validation_Files.xlsx]"&$A$2&"_"&$R$3&"_"&COLUMN(E$2)*100&"k_"&MID(CELL("filename",E6),FIND("]",CELL("filename",E6))+1,255)&"_"&$B$12&"'!H"&ROW(E7)) -> 0 | W17: =INDIRECT("'[CILA2_Validation_Files.xlsx]"&$A$2&"_"&$W$3&"_"&COLUMN(A$2)*100&"k_"&MID(CELL("filename",A6),FIND("]",CELL("filename",A6))+1,255)&"_"&$B$12&"'!H"&ROW(A7)) -> 0 | X17: =INDIRECT("'[CILA2_Validation_Files.xlsx]"&$A$2&"_"&$W$3&"_"&COLUMN(B$2)*100&"k_"&MID(CELL("filename",B6),FIND("]",CELL("filename",B6))+1,255)&"_"&$B$12&"'!H"&ROW(B7)) -> 1 | Y17: =INDIRECT("'[CILA2_Validation_Files.xlsx]"&$A$2&"_"&$W$3&"_"&COLUMN(C$2)*100&"k_"&MID(CELL("filename",C6),FIND("]",CELL("filename",C6))+1,255)&"_"&$B$12&"'!H"&ROW(C7)) -> 1 | Z17: =INDIRECT("'[CILA2_Validation_Files.xlsx]"&$A$2&"_"&$W$3&"_"&COLUMN(D$2)*100&"k_"&MID(CELL("filename",D6),FIND("]",CELL("filename",D6))+1,255)&"_"&$B$12&"'!H"&ROW(D7)) -> 1 | AA17: =INDIRECT("'[CILA2_Validation_Files.xlsx]"&$A$2&"_"&$W$3&"_"&COLUMN(E$2)*100&"k_"&MID(CELL("filename",E6),FIND("]",CELL("filename",E6))+1,255)&"_"&$B$12&"'!H"&ROW(E7)) -> 1
A18: 13 | B18: navigation | C18: =INDIRECT("'[CILA2_Validation_Files.xlsx]"&$A$2&"_"&$C$3&"_"&COLUMN(A$2)*100&"k_"&MID(CELL("filename",A1),FIND("]",CELL("filename",A1))+1,255)&"_"&$B$18&"'!H"&ROW(A2)) -> 1 | D18: =INDIRECT("'[CILA2_Validation_Files.xlsx]"&$A$2&"_"&$C$3&"_"&COLUMN(B$2)*100&"k_"&MID(CELL("filename",B1),FIND("]",CELL("filename",B1))+1,255)&"_"&$B$18&"'!H"&ROW(B2)) -> 1 | E18: =INDIRECT("'[CILA2_Validation_Files.xlsx]"&$A$2&"_"&$C$3&"_"&COLUMN(C$2)*100&"k_"&MID(CELL("filename",C1),FIND("]",CELL("filename",C1))+1,255)&"_"&$B$18&"'!H"&ROW(C2)) -> 1 | F18: =INDIRECT("'[CILA2_Validation_Files.xlsx]"&$A$2&"_"&$C$3&"_"&COLUMN(D$2)*100&"k_"&MID(CELL("filename",D1),FIND("]",CELL("filename",D1))+1,255)&"_"&$B$18&"'!H"&ROW(D2)) -> 0 | G18: =INDIRECT("'[CILA2_Validation_Files.xlsx]"&$A$2&"_"&$C$3&"_"&COLUMN(E$2)*100&"k_"&MID(CELL("filename",E1),FIND("]",CELL("filename",E1))+1,255)&"_"&$B$18&"'!H"&ROW(E2)) -> 0 | H18: =INDIRECT("'[CILA2_Validation_Files.xlsx]"&$A$2&"_"&$H$3&"_"&COLUMN(A$2)*100&"k_"&MID(CELL("filename",A1),FIND("]",CELL("filename",A1))+1,255)&"_"&$B$18&"'!H"&ROW(A2)) -> 1 | I18: =INDIRECT("'[CILA2_Validation_Files.xlsx]"&$A$2&"_"&$H$3&"_"&COLUMN(B$2)*100&"k_"&MID(CELL("filename",B1),FIND("]",CELL("filename",B1))+1,255)&"_"&$B$18&"'!H"&ROW(B2)) -> 0 | J18: =INDIRECT("'[CILA2_Validation_Files.xlsx]"&$A$2&"_"&$H$3&"_"&COLUMN(C$2)*100&"k_"&MID(CELL("filename",C1),FIND("]",CELL("filename",C1))+1,255)&"_"&$B$18&"'!H"&ROW(C2)) -> 1 | K18: =INDIRECT("'[CILA2_Validation_Files.xlsx]"&$A$2&"_"&$H$3&"_"&COLUMN(D$2)*100&"k_"&MID(CELL("filename",D1),FIND("]",CELL("filename",D1))+1,255)&"_"&$B$18&"'!H"&ROW(D2)) -> 0 | L18: =INDIRECT("'[CILA2_Validation_Files.xlsx]"&$A$2&"_"&$H$3&"_"&COLUMN(E$2)*100&"k_"&MID(CELL("filename",E1),FIND("]",CELL("filename",E1))+1,255)&"_"&$B$18&"'!H"&ROW(E2)) -> 1 | M18: =INDIRECT("'[CILA2_Validation_Files.xlsx]"&$A$2&"_"&$M$3&"_"&COLUMN(A$2)*100&"k_"&MID(CELL("filename",A1),FIND("]",CELL("filename",A1))+1,255)&"_"&$B$18&"'!H"&ROW(A2)) -> 1 | N18: =INDIRECT("'[CILA2_Validation_Files.xlsx]"&$A$2&"_"&$M$3&"_"&COLUMN(B$2)*100&"k_"&MID(CELL("filename",B1),FIND("]",CELL("filename",B1))+1,255)&"_"&$B$18&"'!H"&ROW(B2)) -> 1 | O18: =INDIRECT("'[CILA2_Validation_Files.xlsx]"&$A$2&"_"&$M$3&"_"&COLUMN(C$2)*100&"k_"&MID(CELL("filename",C1),FIND("]",CELL("filename",C1))+1,255)&"_"&$B$18&"'!H"&ROW(C2)) -> 1 | P18: =INDIRECT("'[CILA2_Validation_Files.xlsx]"&$A$2&"_"&$M$3&"_"&COLUMN(D$2)*100&"k_"&MID(CELL("filename",D1),FIND("]",CELL("filename",D1))+1,255)&"_"&$B$18&"'!H"&ROW(D2)) -> 0 | Q18: =INDIRECT("'[CILA2_Validation_Files.xlsx]"&$A$2&"_"&$M$3&"_"&COLUMN(E$2)*100&"k_"&MID(CELL("filename",E1),FIND("]",CELL("filename",E1))+1,255)&"_"&$B$18&"'!H"&ROW(E2)) -> 1 | R18: =INDIRECT("'[CILA2_Validation_Files.xlsx]"&$A$2&"_"&$R$3&"_"&COLUMN(A$2)*100&"k_"&MID(CELL("filename",A1),FIND("]",CELL("filename",A1))+1,255)&"_"&$B$18&"'!H"&ROW(A2)) -> 1 | S18: =INDIRECT("'[CILA2_Validation_Files.xlsx]"&$A$2&"_"&$R$3&"_"&COLUMN(B$2)*100&"k_"&MID(CELL("filename",B1),FIND("]",CELL("filename",B1))+1,255)&"_"&$B$18&"'!H"&ROW(B2)) -> 1 | T18: =INDIRECT("'[CILA2_Validation_Files.xlsx]"&$A$2&"_"&$R$3&"_"&COLUMN(C$2)*100&"k_"&MID(CELL("filename",C1),FIND("]",CELL("filename",C1))+1,255)&"_"&$B$18&"'!H"&ROW(C2)) -> 0 | U18: =INDIRECT("'[CILA2_Validation_Files.xlsx]"&$A$2&"_"&$R$3&"_"&COLUMN(D$2)*100&"k_"&MID(CELL("filename",D1),FIND("]",CELL("filename",D1))+1,255)&"_"&$B$18&"'!H"&ROW(D2)) -> 0 | V18: =INDIRECT("'[CILA2_Validation_Files.xlsx]"&$A$2&"_"&$R$3&"_"&COLUMN(E$2)*100&"k_"&MID(CELL("filename",E1),FIND("]",CELL("filename",E1))+1,255)&"_"&$B$18&"'!H"&ROW(E2)) -> 0 | W18: =INDIRECT("'[CILA2_Validation_Files.xlsx]"&$A$2&"_"&$W$3&"_"&COLUMN(A$2)*100&"k_"&MID(CELL("filename",A1),FIND("]",CELL("filename",A1))+1,255)&"_"&$B$18&"'!H"&ROW(A2)) -> 1 | X18: =INDIRECT("'[CILA2_Validation_Files.xlsx]"&$A$2&"_"&$W$3&"_"&COLUMN(B$2)*100&"k_"&MID(CELL("filename",B1),FIND("]",CELL("filename",B1))+1,255)&"_"&$B$18&"'!H"&ROW(B2)) -> 1 | Y18: =INDIRECT("'[CILA2_Validation_Files.xlsx]"&$A$2&"_"&$W$3&"_"&COLUMN(C$2)*100&"k_"&MID(CELL("filename",C1),FIND("]",CELL("filename",C1))+1,255)&"_"&$B$18&"'!H"&ROW(C2)) -> 0 | Z18: =INDIRECT("'[CILA2_Validation_Files.xlsx]"&$A$2&"_"&$W$3&"_"&COLUMN(D$2)*100&"k_"&MID(CELL("filename",D1),FIND("]",CELL("filename",D1))+1,255)&"_"&$B$18&"'!H"&ROW(D2)) -> 1 | AA18: =INDIRECT("'[CILA2_Validation_Files.xlsx]"&$A$2&"_"&$W$3&"_"&COLUMN(E$2)*100&"k_"&MID(CELL("filename",E1),FIND("]",CELL("filename",E1))+1,255)&"_"&$B$18&"'!H"&ROW(E2)) -> 0
A19: 14 | C19: =INDIRECT("'[CILA2_Validation_Files.xlsx]"&$A$2&"_"&$C$3&"_"&COLUMN(A$2)*100&"k_"&MID(CELL("filename",A2),FIND("]",CELL("filename",A2))+1,255)&"_"&$B$18&"'!H"&ROW(A3)) -> 0 | D19: =INDIRECT("'[CILA2_Validation_Files.xlsx]"&$A$2&"_"&$C$3&"_"&COLUMN(B$2)*100&"k_"&MID(CELL("filename",B2),FIND("]",CELL("filename",B2))+1,255)&"_"&$B$18&"'!H"&ROW(B3)) -> 0 | E19: =INDIRECT("'[CILA2_Validation_Files.xlsx]"&$A$2&"_"&$C$3&"_"&COLUMN(C$2)*100&"k_"&MID(CELL("filename",C2),FIND("]",CELL("filename",C2))+1,255)&"_"&$B$18&"'!H"&ROW(C3)) -> 1 | F19: =INDIRECT("'[CILA2_Validation_Files.xlsx]"&$A$2&"_"&$C$3&"_"&COLUMN(D$2)*100&"k_"&MID(CELL("filename",D2),FIND("]",CELL("filename",D2))+1,255)&"_"&$B$18&"'!H"&ROW(D3)) -> 0 | G19: =INDIRECT("'[CILA2_Validation_Files.xlsx]"&$A$2&"_"&$C$3&"_"&COLUMN(E$2)*100&"k_"&MID(CELL("filename",E2),FIND("]",CELL("filename",E2))+1,255)&"_"&$B$18&"'!H"&ROW(E3)) -> 1 | H19: =INDIRECT("'[CILA2_Validation_Files.xlsx]"&$A$2&"_"&$H$3&"_"&COLUMN(A$2)*100&"k_"&MID(CELL("filename",A2),FIND("]",CELL("filename",A2))+1,255)&"_"&$B$18&"'!H"&ROW(A3)) -> 1 | I19: =INDIRECT("'[CILA2_Validation_Files.xlsx]"&$A$2&"_"&$H$3&"_"&COLUMN(B$2)*100&"k_"&MID(CELL("filename",B2),FIND("]",CELL("filename",B2))+1,255)&"_"&$B$18&"'!H"&ROW(B3)) -> 0 | J19: =INDIRECT("'[CILA2_Validation_Files.xlsx]"&$A$2&"_"&$H$3&"_"&COLUMN(C$2)*100&"k_"&MID(CELL("filename",C2),FIND("]",CELL("filename",C2))+1,255)&"_"&$B$18&"'!H"&ROW(C3)) -> 0 | K19: =INDIRECT("'[CILA2_Validation_Files.xlsx]"&$A$2&"_"&$H$3&"_"&COLUMN(D$2)*100&"k_"&MID(CELL("filename",D2),FIND("]",CELL("filename",D2))+1,255)&"_"&$B$18&"'!H"&ROW(D3)) -> 1 | L19: =INDIRECT("'[CILA2_Validation_Files.xlsx]"&$A$2&"_"&$H$3&"_"&COLUMN(E$2)*100&"k_"&MID(CELL("filename",E2),FIND("]",CELL("filename",E2))+1,255)&"_"&$B$18&"'!H"&ROW(E3)) -> 1 | M19: =INDIRECT("'[CILA2_Validation_Files.xlsx]"&$A$2&"_"&$M$3&"_"&COLUMN(A$2)*100&"k_"&MID(CELL("filename",A2),FIND("]",CELL("filename",A2))+1,255)&"_"&$B$18&"'!H"&ROW(A3)) -> 0 | N19: =INDIRECT("'[CILA2_Validation_Files.xlsx]"&$A$2&"_"&$M$3&"_"&COLUMN(B$2)*100&"k_"&MID(CELL("filename",B2),FIND("]",CELL("filename",B2))+1,255)&"_"&$B$18&"'!H"&ROW(B3)) -> 1 | O19: =INDIRECT("'[CILA2_Validation_Files.xlsx]"&$A$2&"_"&$M$3&"_"&COLUMN(C$2)*100&"k_"&MID(CELL("filename",C2),FIND("]",CELL("filename",C2))+1,255)&"_"&$B$18&"'!H"&ROW(C3)) -> 0 | P19: =INDIRECT("'[CILA2_Validation_Files.xlsx]"&$A$2&"_"&$M$3&"_"&COLUMN(D$2)*100&"k_"&MID(CELL("filename",D2),FIND("]",CELL("filename",D2))+1,255)&"_"&$B$18&"'!H"&ROW(D3)) -> 0 | Q19: =INDIRECT("'[CILA2_Validation_Files.xlsx]"&$A$2&"_"&$M$3&"_"&COLUMN(E$2)*100&"k_"&MID(CELL("filename",E2),FIND("]",CELL("filename",E2))+1,255)&"_"&$B$18&"'!H"&ROW(E3)) -> 1 | R19: =INDIRECT("'[CILA2_Validation_Files.xlsx]"&$A$2&"_"&$R$3&"_"&COLUMN(A$2)*100&"k_"&MID(CELL("filename",A2),FIND("]",CELL("filename",A2))+1,255)&"_"&$B$18&"'!H"&ROW(A3)) -> 1 | S19: =INDIRECT("'[CILA2_Validation_Files.xlsx]"&$A$2&"_"&$R$3&"_"&COLUMN(B$2)*100&"k_"&MID(CELL("filename",B2),FIND("]",CELL("filename",B2))+1,255)&"_"&$B$18&"'!H"&ROW(B3)) -> 0 | T19: =INDIRECT("'[CILA2_Validation_Files.xlsx]"&$A$2&"_"&$R$3&"_"&COLUMN(C$2)*100&"k_"&MID(CELL("filename",C2),FIND("]",CELL("filename",C2))+1,255)&"_"&$B$18&"'!H"&ROW(C3)) -> 0 | U19: =INDIRECT("'[CILA2_Validation_Files.xlsx]"&$A$2&"_"&$R$3&"_"&COLUMN(D$2)*100&"k_"&MID(CELL("filename",D2),FIND("]",CELL("filename",D2))+1,255)&"_"&$B$18&"'!H"&ROW(D3)) -> 1 | V19: =INDIRECT("'[CILA2_Validation_Files.xlsx]"&$A$2&"_"&$R$3&"_"&COLUMN(E$2)*100&"k_"&MID(CELL("filename",E2),FIND("]",CELL("filename",E2))+1,255)&"_"&$B$18&"'!H"&ROW(E3)) -> 1 | W19: =INDIRECT("'[CILA2_Validation_Files.xlsx]"&$A$2&"_"&$W$3&"_"&COLUMN(A$2)*100&"k_"&MID(CELL("filename",A2),FIND("]",CELL("filename",A2))+1,255)&"_"&$B$18&"'!H"&ROW(A3)) -> 0 | X19: =INDIRECT("'[CILA2_Validation_Files.xlsx]"&$A$2&"_"&$W$3&"_"&COLUMN(B$2)*100&"k_"&MID(CELL("filename",B2),FIND("]",CELL("filename",B2))+1,255)&"_"&$B$18&"'!H"&ROW(B3)) -> 0 | Y19: =INDIRECT("'[CILA2_Validation_Files.xlsx]"&$A$2&"_"&$W$3&"_"&COLUMN(C$2)*100&"k_"&MID(CELL("filename",C2),FIND("]",CELL("filename",C2))+1,255)&"_"&$B$18&"'!H"&ROW(C3)) -> 1 | Z19: =INDIRECT("'[CILA2_Validation_Files.xlsx]"&$A$2&"_"&$W$3&"_"&COLUMN(D$2)*100&"k_"&MID(CELL("filename",D2),FIND("]",CELL("filename",D2))+1,255)&"_"&$B$18&"'!H"&ROW(D3)) -> 1 | AA19: =INDIRECT("'[CILA2_Validation_Files.xlsx]"&$A$2&"_"&$W$3&"_"&COLUMN(E$2)*100&"k_"&MID(CELL("filename",E2),FIND("]",CELL("filename",E2))+1,255)&"_"&$B$18&"'!H"&ROW(E3)) -> 1
A20: 15 | C20: =INDIRECT("'[CILA2_Validation_Files.xlsx]"&$A$2&"_"&$C$3&"_"&COLUMN(A$2)*100&"k_"&MID(CELL("filename",A3),FIND("]",CELL("filename",A3))+1,255)&"_"&$B$18&"'!H"&ROW(A4)) -> 0 | D20: =INDIRECT("'[CILA2_Validation_Files.xlsx]"&$A$2&"_"&$C$3&"_"&COLUMN(B$2)*100&"k_"&MID(CELL("filename",B3),FIND("]",CELL("filename",B3))+1,255)&"_"&$B$18&"'!H"&ROW(B4)) -> 0 | E20: =INDIRECT("'[CILA2_Validation_Files.xlsx]"&$A$2&"_"&$C$3&"_"&COLUMN(C$2)*100&"k_"&MID(CELL("filename",C3),FIND("]",CELL("filename",C3))+1,255)&"_"&$B$18&"'!H"&ROW(C4)) -> 0 | F20: =INDIRECT("'[CILA2_Validation_Files.xlsx]"&$A$2&"_"&$C$3&"_"&COLUMN(D$2)*100&"k_"&MID(CELL("filename",D3),FIND("]",CELL("filename",D3))+1,255)&"_"&$B$18&"'!H"&ROW(D4)) -> 1 | G20: =INDIRECT("'[CILA2_Validation_Files.xlsx]"&$A$2&"_"&$C$3&"_"&COLUMN(E$2)*100&"k_"&MID(CELL("filename",E3),FIND("]",CELL("filename",E3))+1,255)&"_"&$B$18&"'!H"&ROW(E4)) -> 1 | H20: =INDIRECT("'[CILA2_Validation_Files.xlsx]"&$A$2&"_"&$H$3&"_"&COLUMN(A$2)*100&"k_"&MID(CELL("filename",A3),FIND("]",CELL("filename",A3))+1,255)&"_"&$B$18&"'!H"&ROW(A4)) -> 0 | I20: =INDIRECT("'[CILA2_Validation_Files.xlsx]"&$A$2&"_"&$H$3&"_"&COLUMN(B$2)*100&"k_"&MID(CELL("filename",B3),FIND("]",CELL("filename",B3))+1,255)&"_"&$B$18&"'!H"&ROW(B4)) -> 0 | J20: =INDIRECT("'[CILA2_Validation_Files.xlsx]"&$A$2&"_"&$H$3&"_"&COLUMN(C$2)*100&"k_"&MID(CELL("filename",C3),FIND("]",CELL("filename",C3))+1,255)&"_"&$B$18&"'!H"&ROW(C4)) -> 0 | K20: =INDIRECT("'[CILA2_Validation_Files.xlsx]"&$A$2&"_"&$H$3&"_"&COLUMN(D$2)*100&"k_"&MID(CELL("filename",D3),FIND("]",CELL("filename",D3))+1,255)&"_"&$B$18&"'!H"&ROW(D4)) -> 1 | L20: =INDIRECT("'[CILA2_Validation_Files.xlsx]"&$A$2&"_"&$H$3&"_"&COLUMN(E$2)*100&"k_"&MID(CELL("filename",E3),FIND("]",CELL("filename",E3))+1,255)&"_"&$B$18&"'!H"&ROW(E4)) -> 1 | M20: =INDIRECT("'[CILA2_Validation_Files.xlsx]"&$A$2&"_"&$M$3&"_"&COLUMN(A$2)*100&"k_"&MID(CELL("filename",A3),FIND("]",CELL("filename",A3))+1,255)&"_"&$B$18&"'!H"&ROW(A4)) -> 1 | N20: =INDIRECT("'[CILA2_Validation_Files.xlsx]"&$A$2&"_"&$M$3&"_"&COLUMN(B$2)*100&"k_"&MID(CELL("filename",B3),FIND("]",CELL("filename",B3))+1,255)&"_"&$B$18&"'!H"&ROW(B4)) -> 1 | O20: =INDIRECT("'[CILA2_Validation_Files.xlsx]"&$A$2&"_"&$M$3&"_"&COLUMN(C$2)*100&"k_"&MID(CELL("filename",C3),FIND("]",CELL("filename",C3))+1,255)&"_"&$B$18&"'!H"&ROW(C4)) -> 1 | P20: =INDIRECT("'[CILA2_Validation_Files.xlsx]"&$A$2&"_"&$M$3&"_"&COLUMN(D$2)*100&"k_"&MID(CELL("filename",D3),FIND("]",CELL("filename",D3))+1,255)&"_"&$B$18&"'!H"&ROW(D4)) -> 1 | Q20: =INDIRECT("'[CILA2_Validation_Files.xlsx]"&$A$2&"_"&$M$3&"_"&COLUMN(E$2)*100&"k_"&MID(CELL("filename",E3),FIND("]",CELL("filename",E3))+1,255)&"_"&$B$18&"'!H"&ROW(E4)) -> 0 | R20: =INDIRECT("'[CILA2_Validation_Files.xlsx]"&$A$2&"_"&$R$3&"_"&COLUMN(A$2)*100&"k_"&MID(CELL("filename",A3),FIND("]",CELL("filename",A3))+1,255)&"_"&$B$18&"'!H"&ROW(A4)) -> 0 | S20: =INDIRECT("'[CILA2_Validation_Files.xlsx]"&$A$2&"_"&$R$3&"_"&COLUMN(B$2)*100&"k_"&MID(CELL("filename",B3),FIND("]",CELL("filename",B3))+1,255)&"_"&$B$18&"'!H"&ROW(B4)) -> 0 | T20: =INDIRECT("'[CILA2_Validation_Files.xlsx]"&$A$2&"_"&$R$3&"_"&COLUMN(C$2)*100&"k_"&MID(CELL("filename",C3),FIND("]",CELL("filename",C3))+1,255)&"_"&$B$18&"'!H"&ROW(C4)) -> 1 | U20: =INDIRECT("'[CILA2_Validation_Files.xlsx]"&$A$2&"_"&$R$3&"_"&COLUMN(D$2)*100&"k_"&MID(CELL("filename",D3),FIND("]",CELL("filename",D3))+1,255)&"_"&$B$18&"'!H"&ROW(D4)) -> 1 | V20: =INDIRECT("'[CILA2_Validation_Files.xlsx]"&$A$2&"_"&$R$3&"_"&COLUMN(E$2)*100&"k_"&MID(CELL("filename",E3),FIND("]",CELL("filename",E3))+1,255)&"_"&$B$18&"'!H"&ROW(E4)) -> 0 | W20: =INDIRECT("'[CILA2_Validation_Files.xlsx]"&$A$2&"_"&$W$3&"_"&COLUMN(A$2)*100&"k_"&MID(CELL("filename",A3),FIND("]",CELL("filename",A3))+1,255)&"_"&$B$18&"'!H"&ROW(A4)) -> 0 | X20: =INDIRECT("'[CILA2_Validation_Files.xlsx]"&$A$2&"_"&$W$3&"_"&COLUMN(B$2)*100&"k_"&MID(CELL("filename",B3),FIND("]",CELL("filename",B3))+1,255)&"_"&$B$18&"'!H"&ROW(B4)) -> 0 | Y20: =INDIRECT("'[CILA2_Validation_Files.xlsx]"&$A$2&"_"&$W$3&"_"&COLUMN(C$2)*100&"k_"&MID(CELL("filename",C3),FIND("]",CELL("filename",C3))+1,255)&"_"&$B$18&"'!H"&ROW(C4)) -> 1 | Z20: =INDIRECT("'[CILA2_Validation_Files.xlsx]"&$A$2&"_"&$W$3&"_"&COLUMN(D$2)*100&"k_"&MID(CELL("filename",D3),FIND("]",CELL("filename",D3))+1,255)&"_"&$B$18&"'!H"&ROW(D4)) -> 0 | AA20: =INDIRECT("'[CILA2_Validation_Files.xlsx]"&$A$2&"_"&$W$3&"_"&COLUMN(E$2)*100&"k_"&MID(CELL("filename",E3),FIND("]",CELL("filename",E3))+1,255)&"_"&$B$18&"'!H"&ROW(E4)) -> 1
A21: 16 | C21: =INDIRECT("'[CILA2_Validation_Files.xlsx]"&$A$2&"_"&$C$3&"_"&COLUMN(A$2)*100&"k_"&MID(CELL("filename",A4),FIND("]",CELL("filename",A4))+1,255)&"_"&$B$18&"'!H"&ROW(A5)) -> 0 | D21: =INDIRECT("'[CILA2_Validation_Files.xlsx]"&$A$2&"_"&$C$3&"_"&COLUMN(B$2)*100&"k_"&MID(CELL("filename",B4),FIND("]",CELL("filename",B4))+1,255)&"_"&$B$18&"'!H"&ROW(B5)) -> 0 | E21: =INDIRECT("'[CILA2_Validation_Files.xlsx]"&$A$2&"_"&$C$3&"_"&COLUMN(C$2)*100&"k_"&MID(CELL("filename",C4),FIND("]",CELL("filename",C4))+1,255)&"_"&$B$18&"'!H"&ROW(C5)) -> 0 | F21: =INDIRECT("'[CILA2_Validation_Files.xlsx]"&$A$2&"_"&$C$3&"_"&COLUMN(D$2)*100&"k_"&MID(CELL("filename",D4),FIND("]",CELL("filename",D4))+1,255)&"_"&$B$18&"'!H"&ROW(D5)) -> 1 | G21: =INDIRECT("'[CILA2_Validation_Files.xlsx]"&$A$2&"_"&$C$3&"_"&COLUMN(E$2)*100&"k_"&MID(CELL("filename",E4),FIND("]",CELL("filename",E4))+1,255)&"_"&$B$18&"'!H"&ROW(E5)) -> 1 | H21: =INDIRECT("'[CILA2_Validation_Files.xlsx]"&$A$2&"_"&$H$3&"_"&COLUMN(A$2)*100&"k_"&MID(CELL("filename",A4),FIND("]",CELL("filename",A4))+1,255)&"_"&$B$18&"'!H"&ROW(A5)) -> 0 | I21: =INDIRECT("'[CILA2_Validation_Files.xlsx]"&$A$2&"_"&$H$3&"_"&COLUMN(B$2)*100&"k_"&MID(CELL("filename",B4),FIND("]",CELL("filename",B4))+1,255)&"_"&$B$18&"'!H"&ROW(B5)) -> 0 | J21: =INDIRECT("'[CILA2_Validation_Files.xlsx]"&$A$2&"_"&$H$3&"_"&COLUMN(C$2)*100&"k_"&MID(CELL("filename",C4),FIND("]",CELL("filename",C4))+1,255)&"_"&$B$18&"'!H"&ROW(C5)) -> 1 | K21: =INDIRECT("'[CILA2_Validation_Files.xlsx]"&$A$2&"_"&$H$3&"_"&COLUMN(D$2)*100&"k_"&MID(CELL("filename",D4),FIND("]",CELL("filename",D4))+1,255)&"_"&$B$18&"'!H"&ROW(D5)) -> 1 | L21: =INDIRECT("'[CILA2_Validation_Files.xlsx]"&$A$2&"_"&$H$3&"_"&COLUMN(E$2)*100&"k_"&MID(CELL("filename",E4),FIND("]",CELL("filename",E4))+1,255)&"_"&$B$18&"'!H"&ROW(E5)) -> 1 | M21: =INDIRECT("'[CILA2_Validation_Files.xlsx]"&$A$2&"_"&$M$3&"_"&COLUMN(A$2)*100&"k_"&MID(CELL("filename",A4),FIND("]",CELL("filename",A4))+1,255)&"_"&$B$18&"'!H"&ROW(A5)) -> 1 | N21: =INDIRECT("'[CILA2_Validation_Files.xlsx]"&$A$2&"_"&$M$3&"_"&COLUMN(B$2)*100&"k_"&MID(CELL("filename",B4),FIND("]",CELL("filename",B4))+1,255)&"_"&$B$18&"'!H"&ROW(B5)) -> 1 | O21: =INDIRECT("'[CILA2_Validation_Files.xlsx]"&$A$2&"_"&$M$3&"_"&COLUMN(C$2)*100&"k_"&MID(CELL("filename",C4),FIND("]",CELL("filename",C4))+1,255)&"_"&$B$18&"'!H"&ROW(C5)) -> 1 | P21: =INDIRECT("'[CILA2_Validation_Files.xlsx]"&$A$2&"_"&$M$3&"_"&COLUMN(D$2)*100&"k_"&MID(CELL("filename",D4),FIND("]",CELL("filename",D4))+1,255)&"_"&$B$18&"'!H"&ROW(D5)) -> 0 | Q21: =INDIRECT("'[CILA2_Validation_Files.xlsx]"&$A$2&"_"&$M$3&"_"&COLUMN(E$2)*100&"k_"&MID(CELL("filename",E4),FIND("]",CELL("filename",E4))+1,255)&"_"&$B$18&"'!H"&ROW(E5)) -> 1 | R21: =INDIRECT("'[CILA2_Validation_Files.xlsx]"&$A$2&"_"&$R$3&"_"&COLUMN(A$2)*100&"k_"&MID(CELL("filename",A4),FIND("]",CELL("filename",A4))+1,255)&"_"&$B$18&"'!H"&ROW(A5)) -> 0 | S21: =INDIRECT("'[CILA2_Validation_Files.xlsx]"&$A$2&"_"&$R$3&"_"&COLUMN(B$2)*100&"k_"&MID(CELL("filename",B4),FIND("]",CELL("filename",B4))+1,255)&"_"&$B$18&"'!H"&ROW(B5)) -> 1 | T21: =INDIRECT("'[CILA2_Validation_Files.xlsx]"&$A$2&"_"&$R$3&"_"&COLUMN(C$2)*100&"k_"&MID(CELL("filename",C4),FIND("]",CELL("filename",C4))+1,255)&"_"&$B$18&"'!H"&ROW(C5)) -> 1 | U21: =INDIRECT("'[CILA2_Validation_Files.xlsx]"&$A$2&"_"&$R$3&"_"&COLUMN(D$2)*100&"k_"&MID(CELL("filename",D4),FIND("]",CELL("filename",D4))+1,255)&"_"&$B$18&"'!H"&ROW(D5)) -> 0 | V21: =INDIRECT("'[CILA2_Validation_Files.xlsx]"&$A$2&"_"&$R$3&"_"&COLUMN(E$2)*100&"k_"&MID(CELL("filename",E4),FIND("]",CELL("filename",E4))+1,255)&"_"&$B$18&"'!H"&ROW(E5)) -> 1 | W21: =INDIRECT("'[CILA2_Validation_Files.xlsx]"&$A$2&"_"&$W$3&"_"&COLUMN(A$2)*100&"k_"&MID(CELL("filename",A4),FIND("]",CELL("filename",A4))+1,255)&"_"&$B$18&"'!H"&ROW(A5)) -> 0 | X21: =INDIRECT("'[CILA2_Validation_Files.xlsx]"&$A$2&"_"&$W$3&"_"&COLUMN(B$2)*100&"k_"&MID(CELL("filename",B4),FIND("]",CELL("filename",B4))+1,255)&"_"&$B$18&"'!H"&ROW(B5)) -> 1 | Y21: =INDIRECT("'[CILA2_Validation_Files.xlsx]"&$A$2&"_"&$W$3&"_"&COLUMN(C$2)*100&"k_"&MID(CELL("filename",C4),FIND("]",CELL("filename",C4))+1,255)&"_"&$B$18&"'!H"&ROW(C5)) -> 1 | Z21: =INDIRECT("'[CILA2_Validation_Files.xlsx]"&$A$2&"_"&$W$3&"_"&COLUMN(D$2)*100&"k_"&MID(CELL("filename",D4),FIND("]",CELL("filename",D4))+1,255)&"_"&$B$18&"'!H"&ROW(D5)) -> 1 | AA21: =INDIRECT("'[CILA2_Validation_Files.xlsx]"&$A$2&"_"&$W$3&"_"&COLUMN(E$2)*100&"k_"&MID(CELL("filename",E4),FIND("]",CELL("filename",E4))+1,255)&"_"&$B$18&"'!H"&ROW(E5)) -> 0
A22: 17 | C22: =INDIRECT("'[CILA2_Validation_Files.xlsx]"&$A$2&"_"&$C$3&"_"&COLUMN(A$2)*100&"k_"&MID(CELL("filename",A5),FIND("]",CELL("filename",A5))+1,255)&"_"&$B$18&"'!H"&ROW(A6)) -> 1 | D22: =INDIRECT("'[CILA2_Validation_Files.xlsx]"&$A$2&"_"&$C$3&"_"&COLUMN(B$2)*100&"k_"&MID(CELL("filename",B5),FIND("]",CELL("filename",B5))+1,255)&"_"&$B$18&"'!H"&ROW(B6)) -> 0 | E22: =INDIRECT("'[CILA2_Validation_Files.xlsx]"&$A$2&"_"&$C$3&"_"&COLUMN(C$2)*100&"k_"&MID(CELL("filename",C5),FIND("]",CELL("filename",C5))+1,255)&"_"&$B$18&"'!H"&ROW(C6)) -> 0 | F22: =INDIRECT("'[CILA2_Validation_Files.xlsx]"&$A$2&"_"&$C$3&"_"&COLUMN(D$2)*100&"k_"&MID(CELL("filename",D5),FIND("]",CELL("filename",D5))+1,255)&"_"&$B$18&"'!H"&ROW(D6)) -> 1 | G22: =INDIRECT("'[CILA2_Validation_Files.xlsx]"&$A$2&"_"&$C$3&"_"&COLUMN(E$2)*100&"k_"&MID(CELL("filename",E5),FIND("]",CELL("filename",E5))+1,255)&"_"&$B$18&"'!H"&ROW(E6)) -> 1 | H22: =INDIRECT("'[CILA2_Validation_Files.xlsx]"&$A$2&"_"&$H$3&"_"&COLUMN(A$2)*100&"k_"&MID(CELL("filename",A5),FIND("]",CELL("filename",A5))+1,255)&"_"&$B$18&"'!H"&ROW(A6)) -> 1 | I22: =INDIRECT("'[CILA2_Validation_Files.xlsx]"&$A$2&"_"&$H$3&"_"&COLUMN(B$2)*100&"k_"&MID(CELL("filename",B5),FIND("]",CELL("filename",B5))+1,255)&"_"&$B$18&"'!H"&ROW(B6)) -> 0 | J22: =INDIRECT("'[CILA2_Validation_Files.xlsx]"&$A$2&"_"&$H$3&"_"&COLUMN(C$2)*100&"k_"&MID(CELL("filename",C5),FIND("]",CELL("filename",C5))+1,255)&"_"&$B$18&"'!H"&ROW(C6)) -> 0 | K22: =INDIRECT("'[CILA2_Validation_Files.xlsx]"&$A$2&"_"&$H$3&"_"&COLUMN(D$2)*100&"k_"&MID(CELL("filename",D5),FIND("]",CELL("filename",D5))+1,255)&"_"&$B$18&"'!H"&ROW(D6)) -> 1 | L22: =INDIRECT("'[CILA2_Validation_Files.xlsx]"&$A$2&"_"&$H$3&"_"&COLUMN(E$2)*100&"k_"&MID(CELL("filename",E5),FIND("]",CELL("filename",E5))+1,255)&"_"&$B$18&"'!H"&ROW(E6)) -> 0 | M22: =INDIRECT("'[CILA2_Validation_Files.xlsx]"&$A$2&"_"&$M$3&"_"&COLUMN(A$2)*100&"k_"&MID(CELL("filename",A5),FIND("]",CELL("filename",A5))+1,255)&"_"&$B$18&"'!H"&ROW(A6)) -> 0 | N22: =INDIRECT("'[CILA2_Validation_Files.xlsx]"&$A$2&"_"&$M$3&"_"&COLUMN(B$2)*100&"k_"&MID(CELL("filename",B5),FIND("]",CELL("filename",B5))+1,255)&"_"&$B$18&"'!H"&ROW(B6)) -> 1 | O22: =INDIRECT("'[CILA2_Validation_Files.xlsx]"&$A$2&"_"&$M$3&"_"&COLUMN(C$2)*100&"k_"&MID(CELL("filename",C5),FIND("]",CELL("filename",C5))+1,255)&"_"&$B$18&"'!H"&ROW(C6)) -> 1 | P22: =INDIRECT("'[CILA2_Validation_Files.xlsx]"&$A$2&"_"&$M$3&"_"&COLUMN(D$2)*100&"k_"&MID(CELL("filename",D5),FIND("]",CELL("filename",D5))+1,255)&"_"&$B$18&"'!H"&ROW(D6)) -> 0 | Q22: =INDIRECT("'[CILA2_Validation_Files.xlsx]"&$A$2&"_"&$M$3&"_"&COLUMN(E$2)*100&"k_"&MID(CELL("filename",E5),FIND("]",CELL("filename",E5))+1,255)&"_"&$B$18&"'!H"&ROW(E6)) -> 0 | R22: =INDIRECT("'[CILA2_Validation_Files.xlsx]"&$A$2&"_"&$R$3&"_"&COLUMN(A$2)*100&"k_"&MID(CELL("filename",A5),FIND("]",CELL("filename",A5))+1,255)&"_"&$B$18&"'!H"&ROW(A6)) -> 0 | S22: =INDIRECT("'[CILA2_Validation_Files.xlsx]"&$A$2&"_"&$R$3&"_"&COLUMN(B$2)*100&"k_"&MID(CELL("filename",B5),FIND("]",CELL("filename",B5))+1,255)&"_"&$B$18&"'!H"&ROW(B6)) -> 0 | T22: =INDIRECT("'[CILA2_Validation_Files.xlsx]"&$A$2&"_"&$R$3&"_"&COLUMN(C$2)*100&"k_"&MID(CELL("filename",C5),FIND("]",CELL("filename",C5))+1,255)&"_"&$B$18&"'!H"&ROW(C6)) -> 0 | U22: =INDIRECT("'[CILA2_Validation_Files.xlsx]"&$A$2&"_"&$R$3&"_"&COLUMN(D$2)*100&"k_"&MID(CELL("filename",D5),FIND("]",CELL("filename",D5))+1,255)&"_"&$B$18&"'!H"&ROW(D6)) -> 0 | V22: =INDIRECT("'[CILA2_Validation_Files.xlsx]"&$A$2&"_"&$R$3&"_"&COLUMN(E$2)*100&"k_"&MID(CELL("filename",E5),FIND("]",CELL("filename",E5))+1,255)&"_"&$B$18&"'!H"&ROW(E6)) -> 0 | W22: =INDIRECT("'[CILA2_Validation_Files.xlsx]"&$A$2&"_"&$W$3&"_"&COLUMN(A$2)*100&"k_"&MID(CELL("filename",A5),FIND("]",CELL("filename",A5))+1,255)&"_"&$B$18&"'!H"&ROW(A6)) -> 1 | X22: =INDIRECT("'[CILA2_Validation_Files.xlsx]"&$A$2&"_"&$W$3&"_"&COLUMN(B$2)*100&"k_"&MID(CELL("filename",B5),FIND("]",CELL("filename",B5))+1,255)&"_"&$B$18&"'!H"&ROW(B6)) -> 1 | Y22: =INDIRECT("'[CILA2_Validation_Files.xlsx]"&$A$2&"_"&$W$3&"_"&COLUMN(C$2)*100&"k_"&MID(CELL("filename",C5),FIND("]",CELL("filename",C5))+1,255)&"_"&$B$18&"'!H"&ROW(C6)) -> 0 | Z22: =INDIRECT("'[CILA2_Validation_Files.xlsx]"&$A$2&"_"&$W$3&"_"&COLUMN(D$2)*100&"k_"&MID(CELL("filename",D5),FIND("]",CELL("filename",D5))+1,255)&"_"&$B$18&"'!H"&ROW(D6)) -> 0 | AA22: =INDIRECT("'[CILA2_Validation_Files.xlsx]"&$A$2&"_"&$W$3&"_"&COLUMN(E$2)*100&"k_"&MID(CELL("filename",E5),FIND("]",CELL("filename",E5))+1,255)&"_"&$B$18&"'!H"&ROW(E6)) -> 0
A23: 18 | C23: =INDIRECT("'[CILA2_Validation_Files.xlsx]"&$A$2&"_"&$C$3&"_"&COLUMN(A$2)*100&"k_"&MID(CELL("filename",A6),FIND("]",CELL("filename",A6))+1,255)&"_"&$B$18&"'!H"&ROW(A7)) -> 0 | D23: =INDIRECT("'[CILA2_Validation_Files.xlsx]"&$A$2&"_"&$C$3&"_"&COLUMN(B$2)*100&"k_"&MID(CELL("filename",B6),FIND("]",CELL("filename",B6))+1,255)&"_"&$B$18&"'!H"&ROW(B7)) -> 0 | E23: =INDIRECT("'[CILA2_Validation_Files.xlsx]"&$A$2&"_"&$C$3&"_"&COLUMN(C$2)*100&"k_"&MID(CELL("filename",C6),FIND("]",CELL("filename",C6))+1,255)&"_"&$B$18&"'!H"&ROW(C7)) -> 1 | F23: =INDIRECT("'[CILA2_Validation_Files.xlsx]"&$A$2&"_"&$C$3&"_"&COLUMN(D$2)*100&"k_"&MID(CELL("filename",D6),FIND("]",CELL("filename",D6))+1,255)&"_"&$B$18&"'!H"&ROW(D7)) -> 1 | G23: =INDIRECT("'[CILA2_Validation_Files.xlsx]"&$A$2&"_"&$C$3&"_"&COLUMN(E$2)*100&"k_"&MID(CELL("filename",E6),FIND("]",CELL("filename",E6))+1,255)&"_"&$B$18&"'!H"&ROW(E7)) -> 1 | H23: =INDIRECT("'[CILA2_Validation_Files.xlsx]"&$A$2&"_"&$H$3&"_"&COLUMN(A$2)*100&"k_"&MID(CELL("filename",A6),FIND("]",CELL("filename",A6))+1,255)&"_"&$B$18&"'!H"&ROW(A7)) -> 0 | I23: =INDIRECT("'[CILA2_Validation_Files.xlsx]"&$A$2&"_"&$H$3&"_"&COLUMN(B$2)*100&"k_"&MID(CELL("filename",B6),FIND("]",CELL("filename",B6))+1,255)&"_"&$B$18&"'!H"&ROW(B7)) -> 1 | J23: =INDIRECT("'[CILA2_Validation_Files.xlsx]"&$A$2&"_"&$H$3&"_"&COLUMN(C$2)*100&"k_"&MID(CELL("filename",C6),FIND("]",CELL("filename",C6))+1,255)&"_"&$B$18&"'!H"&ROW(C7)) -> 1 | K23: =INDIRECT("'[CILA2_Validation_Files.xlsx]"&$A$2&"_"&$H$3&"_"&COLUMN(D$2)*100&"k_"&MID(CELL("filename",D6),FIND("]",CELL("filename",D6))+1,255)&"_"&$B$18&"'!H"&ROW(D7)) -> 1 | L23: =INDIRECT("'[CILA2_Validation_Files.xlsx]"&$A$2&"_"&$H$3&"_"&COLUMN(E$2)*100&"k_"&MID(CELL("filename",E6),FIND("]",CELL("filename",E6))+1,255)&"_"&$B$18&"'!H"&ROW(E7)) -> 0 | M23: =INDIRECT("'[CILA2_Validation_Files.xlsx]"&$A$2&"_"&$M$3&"_"&COLUMN(A$2)*100&"k_"&MID(CELL("filename",A6),FIND("]",CELL("filename",A6))+1,255)&"_"&$B$18&"'!H"&ROW(A7)) -> 0 | N23: =INDIRECT("'[CILA2_Validation_Files.xlsx]"&$A$2&"_"&$M$3&"_"&COLUMN(B$2)*100&"k_"&MID(CELL("filename",B6),FIND("]",CELL("filename",B6))+1,255)&"_"&$B$18&"'!H"&ROW(B7)) -> 0 | O23: =INDIRECT("'[CILA2_Validation_Files.xlsx]"&$A$2&"_"&$M$3&"_"&COLUMN(C$2)*100&"k_"&MID(CELL("filename",C6),FIND("]",CELL("filename",C6))+1,255)&"_"&$B$18&"'!H"&ROW(C7)) -> 1 | P23: =INDIRECT("'[CILA2_Validation_Files.xlsx]"&$A$2&"_"&$M$3&"_"&COLUMN(D$2)*100&"k_"&MID(CELL("filename",D6),FIND("]",CELL("filename",D6))+1,255)&"_"&$B$18&"'!H"&ROW(D7)) -> 1 | Q23: =INDIRECT("'[CILA2_Validation_Files.xlsx]"&$A$2&"_"&$M$3&"_"&COLUMN(E$2)*100&"k_"&MID(CELL("filename",E6),FIND("]",CELL("filename",E6))+1,255)&"_"&$B$18&"'!H"&ROW(E7)) -> 1 | R23: =INDIRECT("'[CILA2_Validation_Files.xlsx]"&$A$2&"_"&$R$3&"_"&COLUMN(A$2)*100&"k_"&MID(CELL("filename",A6),FIND("]",CELL("filename",A6))+1,255)&"_"&$B$18&"'!H"&ROW(A7)) -> 1 | S23: =INDIRECT("'[CILA2_Validation_Files.xlsx]"&$A$2&"_"&$R$3&"_"&COLUMN(B$2)*100&"k_"&MID(CELL("filename",B6),FIND("]",CELL("filename",B6))+1,255)&"_"&$B$18&"'!H"&ROW(B7)) -> 0 | T23: =INDIRECT("'[CILA2_Validation_Files.xlsx]"&$A$2&"_"&$R$3&"_"&COLUMN(C$2)*100&"k_"&MID(CELL("filename",C6),FIND("]",CELL("filename",C6))+1,255)&"_"&$B$18&"'!H"&ROW(C7)) -> 0 | U23: =INDIRECT("'[CILA2_Validation_Files.xlsx]"&$A$2&"_"&$R$3&"_"&COLUMN(D$2)*100&"k_"&MID(CELL("filename",D6),FIND("]",CELL("filename",D6))+1,255)&"_"&$B$18&"'!H"&ROW(D7)) -> 1 | V23: =INDIRECT("'[CILA2_Validation_Files.xlsx]"&$A$2&"_"&$R$3&"_"&COLUMN(E$2)*100&"k_"&MID(CELL("filename",E6),FIND("]",CELL("filename",E6))+1,255)&"_"&$B$18&"'!H"&ROW(E7)) -> 1 | W23: =INDIRECT("'[CILA2_Validation_Files.xlsx]"&$A$2&"_"&$W$3&"_"&COLUMN(A$2)*100&"k_"&MID(CELL("filename",A6),FIND("]",CELL("filename",A6))+1,255)&"_"&$B$18&"'!H"&ROW(A7)) -> 1 | X23: =INDIRECT("'[CILA2_Validation_Files.xlsx]"&$A$2&"_"&$W$3&"_"&COLUMN(B$2)*100&"k_"&MID(CELL("filename",B6),FIND("]",CELL("filename",B6))+1,255)&"_"&$B$18&"'!H"&ROW(B7)) -> 0 | Y23: =INDIRECT("'[CILA2_Validation_Files.xlsx]"&$A$2&"_"&$W$3&"_"&COLUMN(C$2)*100&"k_"&MID(CELL("filename",C6),FIND("]",CELL("filename",C6))+1,255)&"_"&$B$18&"'!H"&ROW(C7)) -> 0 | Z23: =INDIRECT("'[CILA2_Validation_Files.xlsx]"&$A$2&"_"&$W$3&"_"&COLUMN(D$2)*100&"k_"&MID(CELL("filename",D6),FIND("]",CELL("filename",D6))+1,255)&"_"&$B$18&"'!H"&ROW(D7)) -> 0 | AA23: =INDIRECT("'[CILA2_Validation_Files.xlsx]"&$A$2&"_"&$W$3&"_"&COLUMN(E$2)*100&"k_"&MID(CELL("filename",E6),FIND("]",CELL("filename",E6))+1,255)&"_"&$B$18&"'!H"&ROW(E7)) -> 1
